year,chron,tmean.aug,tmin.aug,tmin.may,tmax.aug,ppt.aug,pdsi.oct,tmean.mjja,ppt.jja,pdsi.aso,tmin.mjja,tmax.mjja
1620,1.365,,,,,,,,,,,
1621,1.166,,,,,,,,,,,
1622,1.329,,,,,,,,,,,
1623,1.252,,,,,,,,,,,
1624,1.186,,,,,,,,,,,
1625,1.374,,,,,,,,,,,
1626,1.333,,,,,,,,,,,
1627,1.186,,,,,,,,,,,
1628,1.257,,,,,,,,,,,
1629,1.22,,,,,,,,,,,
1630,1.282,,,,,,,,,,,
1631,1.3,,,,,,,,,,,
1632,1.336,,,,,,,,,,,
1633,1.316,,,,,,,,,,,
1634,1.413,,,,,,,,,,,
1635,1.284,,,,,,,,,,,
1636,1.385,,,,,,,,,,,
1637,1.243,,,,,,,,,,,
1638,1.315,,,,,,,,,,,
1639,1.313,,,,,,,,,,,
1640,1.303,,,,,,,,,,,
1641,1.162,,,,,,,,,,,
1642,1.197,,,,,,,,,,,
1643,1.231,,,,,,,,,,,
1644,1.158,,,,,,,,,,,
1645,1.204,,,,,,,,,,,
1646,1.16,,,,,,,,,,,
1647,1.269,,,,,,,,,,,
1648,1.191,,,,,,,,,,,
1649,1.327,,,,,,,,,,,
1650,1.311,,,,,,,,,,,
1651,1.289,,,,,,,,,,,
1652,1.386,,,,,,,,,,,
1653,1.308,,,,,,,,,,,
1654,1.309,,,,,,,,,,,
1655,1.358,,,,,,,,,,,
1656,1.262,,,,,,,,,,,
1657,1.28,,,,,,,,,,,
1658,1.34,,,,,,,,,,,
1659,1.299,,,,,,,,,,,
1660,1.178,,,,,,,,,,,
1661,1.212,,,,,,,,,,,
1662,1.2,,,,,,,,,,,
1663,1.254,,,,,,,,,,,
1664,1.314,,,,,,,,,,,
1665,1.234,,,,,,,,,,,
1666,1.19,,,,,,,,,,,
1667,1.201,,,,,,,,,,,
1668,1.287,,,,,,,,,,,
1669,1.21,,,,,,,,,,,
1670,1.169,,,,,,,,,,,
1671,1.237,,,,,,,,,,,
1672,1.22,,,,,,,,,,,
1673,1.194,,,,,,,,,,,
1674,1.246,,,,,,,,,,,
1675,1.289,,,,,,,,,,,
1676,1.216,,,,,,,,,,,
1677,1.145,,,,,,,,,,,
1678,1.179,,,,,,,,,,,
1679,1.15,,,,,,,,,,,
1680,1.158,,,,,,,,,,,
1681,1.16,,,,,,,,,,,
1682,1.212,,,,,,,,,,,
1683,1.221,,,,,,,,,,,
1684,1.223,,,,,,,,,,,
1685,1.194,,,,,,,,,,,
1686,1.192,,,,,,,,,,,
1687,1.202,,,,,,,,,,,
1688,1.212,,,,,,,,,,,
1689,1.281,,,,,,,,,,,
1690,1.283,,,,,,,,,,,
1691,1.213,,,,,,,,,,,
1692,1.216,,,,,,,,,,,
1693,1.234,,,,,,,,,,,
1694,1.234,,,,,,,,,,,
1695,1.151,,,,,,,,,,,
1696,1.227,,,,,,,,,,,
1697,1.286,,,,,,,,,,,
1698,1.125,,,,,,,,,,,
1699,1.152,,,,,,,,,,,
1700,1.119,,,,,,,,,,,
1701,1.183,,,,,,,,,,,
1702,1.066,,,,,,,,,,,
1703,1.119,,,,,,,,,,,
1704,1.144,,,,,,,,,,,
1705,1.136,,,,,,,,,,,
1706,1.207,,,,,,,,,,,
1707,1.227,,,,,,,,,,,
1708,1.182,,,,,,,,,,,
1709,1.153,,,,,,,,,,,
1710,1.212,,,,,,,,,,,
1711,1.141,,,,,,,,,,,
1712,1.157,,,,,,,,,,,
1713,1.177,,,,,,,,,,,
1714,1.119,,,,,,,,,,,
1715,1.137,,,,,,,,,,,
1716,1.055,,,,,,,,,,,
1717,1.114,,,,,,,,,,,
1718,1.174,,,,,,,,,,,
1719,1.233,,,,,,,,,,,
1720,1.213,,,,,,,,,,,
1721,1.214,,,,,,,,,,,
1722,1.215,,,,,,,,,,,
1723,1.172,,,,,,,,,,,
1724,1.27,,,,,,,,,,,
1725,1.152,,,,,,,,,,,
1726,1.205,,,,,,,,,,,
1727,1.034,,,,,,,,,,,
1728,1.186,,,,,,,,,,,
1729,1.213,,,,,,,,,,,
1730,1.218,,,,,,,,,,,
1731,1.194,,,,,,,,,,,
1732,1.191,,,,,,,,,,,
1733,1.166,,,,,,,,,,,
1734,1.105,,,,,,,,,,,
1735,1.113,,,,,,,,,,,
1736,1.109,,,,,,,,,,,
1737,1.166,,,,,,,,,,,
1738,1.102,,,,,,,,,,,
1739,1.217,,,,,,,,,,,
1740,1.131,,,,,,,,,,,
1741,1.146,,,,,,,,,,,
1742,1.211,,,,,,,,,,,
1743,1.175,,,,,,,,,,,
1744,1.151,,,,,,,,,,,
1745,1.09,,,,,,,,,,,
1746,1.031,,,,,,,,,,,
1747,1.023,,,,,,,,,,,
1748,1.127,,,,,,,,,,,
1749,1.164,,,,,,,,,,,
1750,1.2,,,,,,,,,,,
1751,1.297,,,,,,,,,,,
1752,1.172,,,,,,,,,,,
1753,1.282,,,,,,,,,,,
1754,1.215,,,,,,,,,,,
1755,1.146,,,,,,,,,,,
1756,1.295,,,,,,,,,,,
1757,1.24,,,,,,,,,,,
1758,1.18,,,,,,,,,,,
1759,1.286,,,,,,,,,,,
1760,1.303,,,,,,,,,,,
1761,1.316,,,,,,,,,,,
1762,1.383,,,,,,,,,,,
1763,1.251,,,,,,,,,,,
1764,1.261,,,,,,,,,,,
1765,1.294,,,,,,,,,,,
1766,1.243,,,,,,,,,,,
1767,1.233,,,,,,,,,,,
1768,1.295,,,,,,,,,,,
1769,1.267,,,,,,,,,,,
1770,1.258,,,,,,,,,,,
1771,1.256,,,,,,,,,,,
1772,1.295,,,,,,,,,,,
1773,1.314,,,,,,,,,,,
1774,1.338,,,,,,,,,,,
1775,1.266,,,,,,,,,,,
1776,1.3,,,,,,,,,,,
1777,1.247,,,,,,,,,,,
1778,1.29,,,,,,,,,,,
1779,1.124,,,,,,,,,,,
1780,1.246,,,,,,,,,,,
1781,1.234,,,,,,,,,,,
1782,1.14,,,,,,,,,,,
1783,1.188,,,,,,,,,,,
1784,1.191,,,,,,,,,,,
1785,1.257,,,,,,,,,,,
1786,1.277,,,,,,,,,,,
1787,1.189,,,,,,,,,,,
1788,1.254,,,,,,,,,,,
1789,1.218,,,,,,,,,,,
1790,1.23,,,,,,,,,,,
1791,1.172,,,,,,,,,,,
1792,1.268,,,,,,,,,,,
1793,1.254,,,,,,,,,,,
1794,1.315,,,,,,,,,,,
1795,1.309,,,,,,,,,,,
1796,1.247,,,,,,,,,,,
1797,1.217,,,,,,,,,,,
1798,1.273,,,,,,,,,,,
1799,1.261,,,,,,,,,,,
1800,1.257,,,,,,,,,,,
1801,1.241,,,,,,,,,,,
1802,1.255,,,,,,,,,,,
1803,1.219,,,,,,,,,,,
1804,1.267,,,,,,,,,,,
1805,1.211,,,,,,,,,,,
1806,1.205,,,,,,,,,,,
1807,1.236,,,,,,,,,,,
1808,1.309,,,,,,,,,,,
1809,1.167,,,,,,,,,,,
1810,1.19,,,,,,,,,,,
1811,1.205,,,,,,,,,,,
1812,1.197,,,,,,,,,,,
1813,1.149,,,,,,,,,,,
1814,1.166,,,,,,,,,,,
1815,1.135,,,,,,,,,,,
1816,1.19,,,,,,,,,,,
1817,1.15,,,,,,,,,,,
1818,1.15,,,,,,,,,,,
1819,1.152,,,,,,,,,,,
1820,1.093,,,,,,,,,,,
1821,1.153,,,,,,,,,,,
1822,1.128,,,,,,,,,,,
1823,1.17,,,,,,,,,,,
1824,1.185,,,,,,,,,,,
1825,1.189,,,,,,,,,,,
1826,1.147,,,,,,,,,,,
1827,1.184,,,,,,,,,,,
1828,1.146,,,,,,,,,,,
1829,1.199,,,,,,,,,,,
1830,1.21,,,,,,,,,,,
1831,1.272,,,,,,,,,,,
1832,1.139,,,,,,,,,,,
1833,1.204,,,,,,,,,,,
1834,1.176,,,,,,,,,,,
1835,1.038,,,,,,,,,,,
1836,1.109,,,,,,,,,,,
1837,1.135,,,,,,,,,,,
1838,1.05,,,,,,,,,,,
1839,1.116,,,,,,,,,,,
1840,1.095,,,,,,,,,,,
1841,1.108,,,,,,,,,,,
1842,1.101,,,,,,,,,,,
1843,1.13,,,,,,,,,,,
1844,1.108,,,,,,,,,,,
1845,1.147,,,,,,,,,,,
1846,1.164,,,,,,,,,,,
1847,1.135,,,,,,,,,,,
1848,1.111,,,,,,,,,,,
1849,1.098,,,,,,,,,,,
1850,1.185,,,,,,,,,,,
1851,1.121,,,,,,,,,,,
1852,1.196,,,,,,,,,,,
1853,1.167,,,,,,,,,,,
1854,1.224,,,,,,,,,,,
1855,1.229,,,,,,,,,,,
1856,1.292,,,,,,,,,,,
1857,1.221,,,,,,,,,,,
1858,1.179,,,,,,,,,,,
1859,1.155,,,,,,,,,,,
1860,1.11,,,,,,,,,,,
1861,1.194,,,,,,,,,,,
1862,1.169,,,,,,,,,,,
1863,1.239,,,,,,,,,,,
1864,1.203,,,,,,,,,,,
1865,1.21,,,,,,,,,,,
1866,1.19,,,,,,,,,,,
1867,1.185,,,,,,,,,,,
1868,1.163,,,,,,,,,,,
1869,1.186,,,,,,,,,,,
1870,1.218,,,,,,,,,,,
1871,1.21,,,,,,,,,,,
1872,1.193,,,,,,,,,,,
1873,1.236,,,,,,,,,,,
1874,1.258,,,,,,,,,,,
1875,1.104,,,,,,,,,,,
1876,1.193,,,,,,,,,,,
1877,1.2,,,,,,,,,,,
1878,1.199,,,,,,,,,,,
1879,1.182,,,,,,,,,,,
1880,1.139,,,,,,,,,,,
1881,1.241,,,,,,,,,,,
1882,1.235,,,,,,,,,,,
1883,1.148,,,,,,,,,,,
1884,1.145,,,,,,,,,,,
1885,1.134,,,,,,,,,,,
1886,1.14,,,,,,,,,,,
1887,1.182,,,,,,,,,,,
1888,1.192,,,,,,,,,,,
1889,1.22,,,,,,,,,,,
1890,1.205,,,,,,,,,,,
1891,1.182,,,,,,,,,,,
1892,1.196,,,,,,,,,,,
1893,1.197,,,,,,,,,,,
1894,1.242,,,,,,,,,,,
1895,1.192,8.768000603,1.442999959,-5.449999809,16.09499931,17.23600006,-1.84,5.525500357,130.2109985,-1.41,-1.37924999,12.43174982
1896,1.261,9.389000893,3.145999908,-5.097000122,15.63399982,28.85000038,-2.64,6.41800034,134.1039982,-2.776666667,0.107749939,12.72949982
1897,1.251,11.62500095,5.18599987,-1.143000007,18.06500053,11.73600006,-2.99,7.954750538,188.1980019,-2.98,1.336499959,14.57450008
1898,1.234,9.591000557,1.88499999,-4.43200016,17.29700089,15.1590004,-2.15,5.707750347,187.3459969,-2.033333333,-0.691000044,12.10700023
1899,1.093,7.136000156,-0.953999996,-5.757999897,15.22799969,40.43899918,-2.56,5.603500196,150.586998,-2.333333333,-1.385499958,12.5932498
1900,1.179,8.102000237,-0.104999997,-4.304999828,16.30999947,21.15999985,-4.95,7.117250144,47.43199921,-5.113333333,-0.995999958,15.23149967
1901,1.208,10.25300026,3.697999954,-2.049999952,16.80800056,25.35700035,-2.11,7.405500233,157.9870014,-1.916666667,0.530250013,14.2817502
1902,1.19,7.210000515,-0.898000002,-3.878999949,15.31900024,12.11200047,-3.39,5.42225033,132.7510004,-3.143333333,-2.236000002,13.08150005
1903,1.197,8,0.270000011,-6.989999771,15.73099995,16.54700089,-1.82,5.067500196,161.2400017,-1.893333333,-2.036499955,12.17199993
1904,1.195,7.964000225,0.216999993,-6.053999901,15.71199989,39.70899963,-2.09,4.998500191,134.0690002,-1.66,-2.414499957,12.41200006
1905,1.186,9.324000359,2.28399992,-6.822000027,16.36499977,30.37999916,-0.91,4.538750172,194.0820026,-0.98,-1.879000022,10.95674992
1906,1.17,7.346000195,-0.467999995,-4.131999969,15.16100025,67.4489975,1.06,5.18625018,188.0709992,1.41,-1.881999992,12.25549996
1907,1.132,7.567000389,-1.026000023,-8.029000282,16.1609993,66.27700043,2.17,4.317500204,233.6930008,2.486666667,-2.74225007,11.37824976
1908,1.152,6.605000496,-0.968999982,-5.236000061,14.18099976,46.75699997,2.61,5.344750404,191.0360031,2.63,-1.179999977,11.87099981
1909,1.14,9.463000298,0.934000015,-6.118999958,17.99300003,36.87200165,1.14,5.932750273,177.4850006,1.013333333,-1.292249986,13.15799999
1910,1.151,6.345000267,-2.914000034,-6.515999794,15.60499954,19.22400093,-1.92,5.807500243,84.49299813,-2.55,-2.708499983,14.32474971
1911,1.161,5.765000343,-2.21600008,-6.288000107,13.74699974,23.44300079,0.57,5.081500173,151.1360016,0.023333333,-2.359500043,12.52374983
1912,1.138,6.392000198,-1.052999973,-6.540999889,13.8380003,50.56100082,3.27,4.574000224,165.1389999,2.19,-2.525249988,11.67425013
1913,1.128,8.155000687,-0.661000013,-6.350999832,16.97200012,20.73500061,1.54,5.441500366,214.5540009,1.28,-2.584249944,13.46799994
1914,1.158,7.956000328,-0.883000016,-6.918000221,16.79599953,9.44699955,-0.78,5.931500345,144.5299959,-1.003333333,-2.260250032,14.12424994
1915,1.03,8.327000618,0.149000004,-7.027999878,16.50699997,62.94300079,3.66,4.099250287,283.2720032,3.77,-3.607249957,11.80674994
1916,1.112,7.734000206,-1.251999974,-5.797999859,16.72100067,37.14400101,2.38,5.411750276,166.182003,2.226666667,-1.981749952,12.80550051
1917,1.069,7.710000515,-0.071000002,-6.644999981,15.49199963,15.93799973,-1.43,5.377500206,87.33700181,-1.296666667,-1.77050004,12.52575016
1918,1.072,7.461000443,0.136999995,-6.915999889,14.7869997,41.2519989,1.49,5.847000353,162.4539986,0.656666667,-1.140749983,12.8355
1919,1.192,9.850000381,2.198999882,-5.544000149,17.50200081,11.43000031,-4.16,7.895750344,47.76399994,-4.976666667,-0.498000071,16.29050016
1920,1.21,8.411000252,1.187999964,-6.132999897,15.63599968,48.79700089,-1.07,5.413750209,177.0810013,-1.056666667,-1.869749963,12.69849992
1921,1.201,8.379000664,0.268999994,-5.811999798,16.48999977,32.17499924,-2.58,5.842500329,155.2010002,-2.106666667,-1.253249951,12.93924987
1922,1.188,11.19100094,2.911000013,-2.776000023,19.47299957,52.27000046,-1.04,7.209750414,206.329998,0.33,0.35725001,14.06374979
1923,1.176,8.163000107,1.442999959,-5.394999981,14.88399982,58.52899933,3.18,7.148250341,247.9910011,2.313333333,1.008250028,13.28974962
1924,1.203,8.094000816,0.247999996,-6.145999908,15.94099998,25.91600037,0.52,5.539500371,153.3169975,-0.68,-1.674499966,12.75450015
1925,1.186,8.440999985,0.879000008,-4.671000004,16.00300026,45.09600067,1.37,6.611250043,162.6119995,1.25,-0.54324998,13.76625013
1926,1.185,9.938000679,4.482999802,-1.565000057,15.39400005,80.95899963,-0.87,7.432500422,188.2340012,-0.853333333,1.243749917,13.62225008
1927,1.12,7.215000153,2.09800005,-6.500999928,12.33300018,60.67200089,2.05,5.313000053,192.1520004,2.35,0.078000039,10.54824996
1928,1.187,7.813000202,0.165000007,-0.658999979,15.46199989,40.99300003,1.27,6.861750245,209.5760002,1.53,0.714500037,13.00999999
1929,1.233,11.19000053,3.77699995,-7.340000153,18.60400009,33.31299973,-1.63,7.259500297,124.6050034,-1.386666667,0.05974996,14.45974982
1930,1.214,11.08600044,6.038000107,-5.652999878,16.13500023,101.9440002,-0.69,7.465250313,198.171997,-1.773333333,0.897000134,14.03425026
1931,1.229,9.49200058,2.051000118,-5.214000225,16.93400002,31.12000084,-3.8,7.737750351,115.0939999,-4.073333333,0.749249995,14.7272501
1932,1.239,9.693000793,1.738000035,-2.197999954,17.64999962,47.10100174,-1.18,7.316250443,211.7450028,-1.393333333,0.887000024,13.74650002
1933,1.255,8.503000259,1.754999995,-5.988999844,15.2510004,72.93699646,-2.82,7.814250425,120.779995,-2.513333333,0.847000092,14.78150046
1934,1.235,9.344000816,1.827999949,-2.236999989,16.86199951,21.01199913,-3.52,8.427250385,194.4820004,-3.446666667,1.078999966,15.77624989
1935,1.235,9.484000206,1.09800005,-3.852999926,17.87199974,24.20999908,-3.57,6.791750267,88.88999748,-3.443333333,-0.488749981,14.07374966
1936,1.244,11.47300053,5.986000061,-0.177000001,16.96100044,57.5929985,-3.86,10.44000053,163.8170013,-3.963333333,4.299750041,16.58174992
1937,1.228,10.39800072,2.006000042,-1.416000009,18.79199982,13.63000011,-2.81,8.17375052,176.836997,-2.673333333,1.394499987,14.9542501
1938,1.235,9.026000023,0.814999998,-5.605000019,17.23800087,51.01300049,1.95,6.669500127,214.1959992,1.8,-0.115000025,13.45525002
1939,1.247,9.537000656,1.707000017,-0.827000022,17.36700058,32.9980011,-1.78,7.590000391,162.5569993,-1.723333333,0.472000033,14.70875001
1940,1.235,10.72600079,2.125999928,-4.211999893,19.32799911,25.40999985,-1.94,8.375000477,146.6200028,-1.856666667,0.403000009,16.34799981
1941,1.165,9.023000717,2.83100009,-3.855000019,15.2159996,97.30699921,3.08,7.414250493,238.5139999,1.71,1.048999966,13.78049994
1942,1.194,8.785000801,0.79400003,-6.620999813,16.77799988,24.9090004,0.61,5.353000388,124.7600021,0.866666667,-1.878999919,12.5857501
1943,1.184,9.774000168,2.013000011,-6.657999992,17.5359993,50.67200089,1.09,6.034250304,170.553999,1.516666667,-0.642749995,12.71199965
1944,1.171,9.251000404,1.871999979,-4.415999889,16.63199997,16.16300011,1.15,6.032250345,299.1759968,1.89,-0.36399997,12.42949986
1945,1.181,8.329999924,1.238999963,-5.931000233,15.42199993,78.1780014,1.65,5.162000157,224.4379978,1.993333333,-1.19900009,11.52424991
1946,1.236,8.768000603,1.934000015,-3.578999996,15.60299969,22.13299942,1.95,6.663250268,130.1760025,0.57,0.343250021,12.98374987
1947,1.198,9.574000359,1.547999978,-4.579999924,17.60000038,48.45299911,-0.58,6.604250252,214.0089932,0.33,-0.386999995,13.5962503
1948,1.191,10.43800068,3.650000095,-2.08100009,17.22699928,38.61500168,-1.18,7.564750373,224.0900002,0.246666667,1.429999977,13.70074964
1949,1.236,11.53800011,4.548999786,-2.819999933,18.52899933,19.69300079,0.69,7.842750311,122.6050034,-0.433333333,0.941999942,14.74499965
1950,1.18,8.840000153,1.819000006,-7.47300005,15.86200047,27.6590004,3.02,5.296750143,192.4660072,2.91,-1.391750008,11.98550022
1951,1.095,8.61700058,2.351999998,-3.927999973,14.88399982,67.74900055,4.67,5.903000295,229.6500015,4.33,-0.441999972,12.24924994
1952,1.155,10.29900074,3.721999884,-4.09499979,16.87700081,55.52899933,0.69,7.389250457,156.4160004,1.88,0.868750006,13.91075015
1953,1.152,10.85800076,4.136000156,-5.920000076,17.57999992,49.0719986,-1.74,7.514000461,137.1559963,-0.673333333,0.852250007,14.17674994
1954,1.132,9.558000565,2.936000109,-4.513999939,16.18099976,32.96900177,-1.4,7.195250511,150.1959992,-1.353333333,0.577500075,13.81400013
1955,1.168,12.1050005,5.235000134,-3.571000099,18.97599983,25.60099983,-1.29,7.653250337,137.828001,-0.3,1.189999968,14.1172502
1956,1.134,8.890000343,2.03399992,-2.710000038,15.74600029,31.72999954,-2.69,7.752000391,94.10200119,0.043333333,1.306499958,14.19825006
1957,1.168,10.74000072,3.663000107,-3.753999949,17.81800079,32.35599899,4.07,7.544250488,216.6360054,4.46,0.975250051,14.11375046
1958,1.132,10.71600056,4.038000107,-0.55400002,17.39500046,50.47999954,1.12,7.496750355,221.1589928,2.1,0.824250028,14.17000008
1959,1.137,9.702000618,2.686000109,-6.81799984,16.71800041,25.69599915,1.08,6.957000434,114.0699959,1.026666667,0.287750095,13.62625015
1960,1.146,8.568000793,1.154999971,-4.633999825,15.9829998,62.3429985,-3,7.423000455,120.5049973,-2.763333333,0.35425007,14.49274993
1961,1.132,12.03100014,5.359000206,-4.090000153,18.70400047,57.31100082,2.91,8.75175029,118.7160006,-0.713333333,2.086499989,15.41824985
1962,1.123,8.75,1.735000014,-4.452000141,15.76599979,65.3730011,2.59,6.4107503,216.5340004,3.08,-0.132000044,12.95424986
1963,1.151,10.59700012,3.976000071,-3.696000099,17.21899986,12.79100037,0.58,7.539750218,143.8459987,1.38,1.133750011,13.94674993
1964,1.122,8.522000313,1.654000044,-3.953999996,15.39000034,47.50999832,0.7,7.017250299,200.6819973,1.403333333,0.555250064,13.48000026
1965,1.1,8.407000542,1.91900003,-5.059000015,14.89500046,52.85599899,4.12,6.112000242,172.2509995,4.28,-0.181500003,12.40649986
1966,1.106,9.523000717,2.624000072,-2.082000017,16.42399979,48.29600143,-1.04,7.954500437,130.347002,-1.15,1.37924999,14.53050017
1967,1.12,10.88300037,4.03399992,-5.514999866,17.73200035,16.9109993,2.83,6.69850035,233.9579964,2.93,0.157000005,13.24075007
1968,0.979,7.349000454,0.885999978,-6.334000111,13.81299973,99.33999634,3.58,5.928000242,256.0869923,3.863333333,-0.837750048,12.69474983
1969,1.112,12.53300095,5.59800005,-2.921999931,19.46899986,16.00499916,1.07,7.439750433,228.5420018,1.426666667,0.553499997,14.32724977
1970,1.061,12.36200047,4.881000042,-4.729000092,19.84399986,32.06900024,2.51,7.940250307,146.4660034,2.066666667,1.142999977,14.73850012
1971,1.07,12.84300041,5.902999878,-4.473999977,19.78300095,43.24000168,3.01,7.298750311,126.0540009,2.303333333,0.59124998,14.00700021
1972,1.057,10.01300049,3.342000008,-4.859000206,16.68400002,58.9280014,4.1,6.613750339,183.7380066,3.63,0.038499952,13.18949986
1973,1.084,10.27000046,3.094000101,-5.894999981,17.4470005,42.03900146,-0.9,6.843500316,119.8240013,-1.03,-0.20099999,13.88850021
1974,1.056,7.1510005,-0.275999993,-6.43900013,14.57800007,71.91100311,1.89,6.554250456,159.064003,2.243333333,-0.251250051,13.36025
1975,1.018,7.593000412,0.676999986,-7.040999889,14.51000023,41.2179985,3.92,5.545000374,229.553997,3.676666667,-0.99650003,12.08724999
1976,1.086,8.629000664,1.878999949,-3.739000082,15.38099957,34.47100067,2.87,7.117250383,160.6360016,3.3,0.431999922,13.8039999
1977,1.095,7.872000217,0.600000024,-4.494999886,15.14400005,70.17199707,-2.97,6.929500312,163.5469971,-2.906666667,0.294250041,13.56599975
1978,1.034,8.293000221,0.874000013,-5.803999901,15.7130003,15.66399956,2.26,5.803500377,123.0899983,2.32,-1.031999991,12.64000022
1979,1.048,9.758000374,3.38499999,-5.114999771,16.13299942,69.09200287,-2.02,7.050500244,154.5100021,-1.77,0.567500079,13.53425002
1980,1.064,7.456000328,0.569000006,-2.927000046,14.34300041,49.10300064,1.32,6.748500347,175.7060013,1.03,0.317500014,13.18000007
1981,1.08,11.06100082,4.336999893,-3.982000113,17.78700066,24.14500046,-1.19,6.914000332,193.5699997,-0.66,0.497749925,13.33125031
1982,1.081,11.25800037,3.00999999,-5.994999886,19.50699997,51.22800064,3.32,6.263250113,204.1009979,2.99,-0.686999977,13.21474981
1983,1.087,11.60100079,5.453000069,-7.125,17.75,41.23600006,2.03,6.334000289,179.125,1.89,0.055249989,12.61374986
1984,1.102,10.81600094,2.711999893,-7.205999851,18.92200089,60.27399826,2.83,6.174750507,187.5109978,2.32,-1.193000019,13.5432502
1985,1.054,8.475000381,0.425999999,-4.459000111,16.52599907,51.64599991,2.07,7.333500266,163.8919983,0.63,-0.34225002,15.01049972
1986,1.072,10.56000042,1.930999994,-6.31799984,19.19000053,50.4659996,3.35,7.322500318,197.1359978,2.963333333,-0.650749982,15.29700041
1987,1.096,6.982000351,-0.957000017,-2.312000036,14.92199993,69.98400116,0.91,7.11400032,259.4090042,1.64,-0.346000017,14.57500029
1988,1.131,10.00500011,1.04400003,-4.018000126,18.96699905,7.31799984,-3.45,8.897500277,69.59700155,-3.023333333,1.234750003,16.56174934
1989,1.042,9.341000557,1.651000023,-5.644999981,17.03100014,71.50700378,0.93,7.186250448,180.9440041,0.94,-0.543249965,14.91550016
1990,1.026,9.227000237,1.84800005,-7.919000149,16.60700035,59.43700027,0.66,5.605750084,150.4430008,0.056666667,-1.481250018,12.69325018
1991,1.066,10.26000023,2.667000055,-5.747000217,17.85300064,37.3219986,1.14,6.488250293,118.8599987,0.903333333,-0.587000072,13.56499994
1992,1.026,8.440999985,0.907000005,-3.757999897,15.97599983,19.65399933,2.38,5.91350019,316.0009994,2.616666667,-0.934999973,12.76249981
1993,0.936,6.815000534,0.030999999,-4.625,13.60099983,50.85599899,3.02,4.430500269,258.027996,3.033333333,-2.037250017,10.89949989
1994,1.032,10.13200092,2.256000042,-4.164999962,18.00900078,25.26600075,0.94,6.928750336,153.2590046,-0.476666667,-0.57099998,14.42900038
1995,1.02,9.524000168,1.988000035,-7.525000095,17.06100082,36.01100159,2.99,5.393750258,179.7649994,2.69,-1.664500028,12.45250022
1996,1.058,9.266000748,1.174999952,-6.394000053,17.35899925,27.49699974,2.39,6.10825038,80.23699951,2.19,-1.305250019,13.52249992
1997,0.994,8.784000397,1.952000022,-5.800000191,15.61699963,66.81300354,5.13,6.276750267,225.4240036,4.853333333,-0.583250031,13.13800001
1998,1.033,10.2310009,2.95600009,-5.073999882,17.50600052,54.97399902,0.63,6.428250402,246.8590049,1.143333333,-0.280999959,13.13849986
1999,1.046,9.976000786,2.957999945,-6.008999825,16.99500084,59.47200012,-0.55,6.071000323,183.3890038,0.56,-0.685249985,12.82849991
2000,1.082,10.84000015,2.983999968,-4.611000061,18.6970005,26.20599937,-1.22,7.117500275,118.3349991,-1.243333333,0.052999973,14.18300009
2001,1.088,11.44000053,3.398999929,-5.004000187,19.48200035,15.78899956,-2.23,7.660000473,172.0219975,-2.466666667,0.386249915,14.93549991
2002,1.034,8.302000046,1.021999955,-6.882999897,15.58399963,50.94499969,1.02,6.620250233,209.8239975,1.106666667,-0.504749999,13.74600017
2003,1.099,11.81800079,4.852000237,-5.315000057,18.78499985,17.11899948,-2.58,7.679000288,90.37099838,-2.406666667,0.474750042,14.88400006
2004,0.992,7.787000179,1.175999999,-4.886000156,14.39900017,76.09300232,2.33,5.755250171,202.6490021,1.886666667,-0.676500052,12.18850017
2005,1.026,9.657000542,2.474999905,-5.71600008,16.84199905,59.18199921,-0.51,6.54925032,191.3220024,-0.053333333,-0.260750025,13.36049974
2006,1.035,9.723000526,2.013999939,-4.396999836,17.43400002,17.87299919,-1.79,8.315750301,105.2989979,-2.506666667,0.840500035,15.79224992
2007,1.032,10.84500027,3.575999975,-4.56099987,18.11499977,47.86299896,-0.74,8.834500313,170.9840012,-1.593333333,1.328000047,16.34150028
2008,1.006,10.43100071,2.884000063,-5.28000021,17.97999954,21.97400093,-1.09,6.776500463,105.2570038,-1.106666667,-0.508750081,14.06374967
2009,0.979,9.220000267,2.025000095,-6.068999767,16.41500092,49.93999863,1.78,6.198000312,231.9419976,1.793333333,-0.872499913,13.26925039
2010,1.006,9.48500061,2.26699996,-9.06000042,16.70400047,58.34500122,-0.44,5.585000336,199.8839989,0.406666667,-1.490500123,12.66149998
2011,1.052,10.6970005,3.276000023,-6.070000172,18.11899948,35.48699951,0.97,6.508000277,123.0369988,1.413333333,-0.458000064,13.47500002
2012,1.058,11.25900078,3.497999907,-5.988999844,19.02199936,24.11899948,-2.47,7.848750487,102.2090015,-2.543333333,0.389999986,15.30824983
2013,1.042,11.46700096,4.052000046,-4.395999908,18.88299942,26.99300003,0.56,8.150250375,126.7830009,-0.846666667,0.914249987,15.38699985
2014,1.009,8.832000732,2.780999899,-5.119999886,14.88599968,97.8259964,2.38,6.742750406,209.3709946,2.876666667,-0.178750009,13.66549969
2015,1.063,9.911000252,2.878000021,-4.175000191,16.94599915,63.8370018,-2.06,7.72600022,168.2020035,-1.62,0.826249957,14.62749982
,,9.580000877,1.713000059,-4.254000187,17.44799995,20.66300011,-2.21,7.684500515,97.14900017,-2.96,0.291499972,15.0787499
,,9.869000435,2.559000015,-5.303999901,17.18000031,42.53099823,0.58,7.697000325,139.317997,0.993333333,0.258499988,15.13649988
,,9.661000252,2.459000111,-2.657000065,16.86400032,51.0320015,3.8,8.01725018,176.4040032,2.84,0.792000033,15.24325013
,,10.20739937,2.969000101,-6.152999878,17.44599915,44.49000168,1.71,6.410424804,192.8500023,-0.313333333,-0.504499912,13.32549965
,,,,,,,-4.06,,,-4.29,,
