year,std,stream.yel,swe.yel,tmax.lsum
736,0.835,158.0470651,53.64,
737,0.874,107.841628,72.329,
738,0.992,123.5339805,46.211,
739,1.02,44.03382737,53.819,
740,0.719,95.23277413,66.189,
741,1.034,62.05637967,44.306,
742,1.37,137.9705627,26.618,
743,1.036,153.0334734,61.289,
744,1.019,115.8207667,44.121,
745,0.759,83.13548515,78.091,
746,1.18,78.66588548,37.123,
747,0.939,96.11395214,42.918,
748,0.99,109.0903752,37.205,
749,1.302,96.11395214,27.869,
750,1.12,117.7027028,41.212,
751,1.295,78.66588548,33.202,
752,1.238,47.40088339,44.654,
753,0.684,79.94410329,85.544,
754,0.568,46.53571977,97.352,
755,0.676,42.44108084,77.695,
756,1.07,56.98839627,50.878,
757,0.854,75.47210021,51.542,
758,1.105,82.5631845,40.713,
759,1.211,172.896593,33.08,
760,0.906,171.3114676,49.095,
761,0.946,158.7765772,58.689,
762,0.918,51.73523612,56.074,
763,0.963,60.36517104,50.897,
764,0.942,89.49245778,64.324,
765,0.996,102.9879552,63.199,
766,1.376,125.2525094,30.782,
767,1.155,147.4981032,34.645,
768,1.014,48.84121234,61.921,
769,0.909,119.0656358,65.186,
770,0.994,78.48495896,57.56,0.51
771,0.856,55.18060217,57.965,0.02
772,1.105,66.64789473,42.246,-1.07
773,1.168,162.4749588,39.474,-0.28
774,0.95,137.02078,51.196,-0.28
775,0.755,93.71010738,66.937,-0.13
776,0.566,95.23277413,77.44,-0.92
777,0.767,87.45536074,74.307,-2.34
778,0.943,102.5147686,52.695,-0.47
779,1.155,202.2024603,36.985,-1.37
780,1.39,222.2216846,22.614,-0.66
781,1.082,95.89289619,35.737,0.39
782,0.853,97.67567823,68.645,-0.84
783,1.143,43.73070064,61.956,-0.43
784,1.243,141.5097734,48.603,-0.66
785,1.086,190.8914318,44.524,-0.92
786,1.141,213.6911004,37.188,-0.21
787,1.252,192.6577285,25.192,0.73
788,1.09,74.78016783,55.753,0.54
789,0.924,145.4743534,75.832,-0.39
790,0.861,102.5147686,55.792,0.43
791,0.872,93.92613149,66.227,0.09
792,0.903,82.75351229,50.551,0.24
793,0.794,61.06416678,72.945,0.21
794,0.997,47.72945062,50.641,1.07
795,1.164,78.66588548,45.682,1.03
796,1.088,81.24309047,46.65,1.25
797,0.806,89.49245778,62.554,0.58
798,1.421,138.2886177,27.642,0.28
799,1.005,112.4052085,55.331,0.13
800,0.921,111.1185167,66.671,0.06
801,1.047,118.7917925,54.193,-0.95
802,1.123,139.2471886,50.456,-0.66
803,0.917,113.7067995,78.271,-1.85
804,0.937,66.801534,43.039,-0.39
805,0.916,140.859595,65.313,-1.78
806,0.679,89.08127729,75.402,-0.28
807,0.914,74.60817822,61.063,-2.08
808,0.921,106.1173596,44.084,-0.43
809,0.717,98.12652868,68.416,-1.55
810,0.902,94.79521928,57.19,-0.54
811,0.785,93.71010738,69.948,0.69
812,0.863,74.95255392,58.867,0.13
813,0.923,109.5939135,60.744,-0.36
814,0.873,82.75351229,53.55,-0.8
815,0.823,92.63741665,56.156,-0.69
816,0.572,163.6011814,83.174,-1.55
817,0.645,86.85332227,57.398,0.92
818,0.811,77.40810495,60.784,-0.28
819,1.055,122.6835786,35.336,0.32
820,0.917,141.18431,65.758,-1.14
821,0.874,94.35967481,57.576,-0.84
822,0.702,119.0656358,61.115,0.95
823,0.928,165.4955938,50.279,-1.14
824,0.686,83.32713224,62.651,0.65
825,1.303,138.2886177,13.629,-0.09
826,1.117,112.9240474,35.193,0.06
827,0.981,117.4319941,43.995,-0.02
828,1.409,87.05353986,19.498,-3.16
829,1.243,74.95255392,46.663,-0.77
830,1.065,96.55759399,49.23,0.21
831,1.183,91.78811171,43.646,-1.25
832,1.873,78.48495896,6.311,0.06
833,1.342,118.2459938,41.922,0.02
834,0.95,138.2886177,67.499,0.47
835,0.712,144.8059595,92.007,-1.63
836,0.789,88.671986,55.744,-0.32
837,1.044,91.99970516,41.255,0.02
838,1.1,59.53692985,41.114,-0.84
839,0.906,53.30726923,47.159,-1.67
840,1.139,175.3018242,46.423,-2
841,0.797,89.9055362,68.457,-1.18
842,1.273,80.49824934,31.588,-1.4
843,1.42,106.6071751,27.472,0.28
844,0.631,92.4243565,87.536,-0.54
845,0.822,71.41450586,57.019,0.28
846,1.587,89.6987592,26.435,-1.1
847,0.79,80.68381697,71.973,0.02
848,1.033,109.0903752,48.124,-1.48
849,1.046,78.48495896,48.418,1.22
850,1.563,113.7067995,17.805,1.89
851,0.859,93.27954855,81.288,1.14
852,1.087,109.8465536,49.398,1.63
853,1.004,128.1700151,55.296,1.22
854,1.011,133.2865834,68.703,-2.71
855,1.389,74.09457913,35.316,0.54
856,1.135,135.4523161,32.018,0.65
857,1.602,96.33551769,29.45,-0.13
858,1.376,158.4114012,40.893,0.58
859,1.362,142.4906723,38.953,0.21
860,0.787,83.13548515,78.344,1.22
861,0.638,76.5220217,95.551,-0.06
862,0.964,81.99482353,46.061,0.88
863,0.792,81.05623655,65.627,0.65
864,0.924,118.5185789,57.001,-1.03
865,0.691,62.63058028,63.339,-0.02
866,0.869,114.4949774,68.127,-1.18
867,0.748,67.57505931,71.032,0.35
868,0.744,65.73345134,83.624,0.02
869,0.938,118.2459938,59.279,0.62
870,1.065,88.46804609,40.46,0.02
871,0.769,110.099776,60.498,-0.21
872,0.962,68.51512202,47.75,0.54
873,0.76,50.79096164,70.251,0.02
874,0.867,106.3619854,49.216,0.39
875,1.131,142.8191472,35.144,1.44
876,0.914,87.85903634,62.7,0.28
877,1.363,132.6741871,34.553,-0.39
878,1.231,158.0470651,28.577,1.37
879,1.18,144.472915,57.67,0.51
880,1.111,87.05353986,54.53,0.92
881,1.167,138.6074059,63.139,0.84
882,0.793,58.72005254,75.585,1.4
883,0.667,69.46826231,76.345,0.77
884,0.695,101.5749075,62.548,0.32
885,0.911,109.3418545,57.779,1.14
886,0.892,120.7220038,55.646,0.58
887,1.29,86.05704623,32.291,2.23
888,0.89,141.18431,69.482,0.92
889,0.826,97.45103041,60.103,0.69
890,0.601,63.50185844,75.121,2.08
891,0.915,98.57946016,45.27,-0.06
892,1.265,115.5543863,31.591,0.88
893,0.846,97.90084392,69.459,0.51
894,0.981,132.0646046,32.892,-0.06
895,0.699,67.10987587,69.065,-0.62
896,1.007,164.3563302,40.35,0.99
897,1.023,156.5980809,50.361,0.13
898,0.947,130.8538291,52.34,-0.73
899,1.123,141.5097734,36.611,0.06
900,1.006,113.9689207,56.687,0.99
901,0.989,126.1207183,59.097,-0.88
902,1.129,100.4121892,38.681,1.29
903,1.197,77.76540453,49.643,-0.77
904,1.167,83.90472832,44.597,0.09
905,1.075,88.26457523,47.831,0.51
906,1.062,125.2525094,55.436,-0.69
907,0.953,92.63741665,53.746,0.54
908,1.268,108.3394024,35.046,-1.1
909,1.505,116.8924431,38.035,-0.77
910,1.278,126.1207183,49.22,-0.95
911,0.91,106.85293,72.114,-1.22
912,1.11,78.12435333,51.841,-1.07
913,1.2,56.20648616,47.48,0.28
914,0.843,104.4206604,66.386,-0.66
915,0.996,80.12839348,50.396,1.18
916,1.155,119.6152178,38.815,-0.69
917,1.297,124.1041875,36.074,-0.24
918,0.982,89.49245778,56.735,-0.47
919,1.276,119.0656358,53.229,-1.33
920,1.527,63.50185844,34.604,-0.13
921,0.806,85.26807048,69.184,-0.24
922,1.294,79.39377195,41.763,0.84
923,1.549,86.4542675,33.091,0.28
924,0.738,52.81854525,66.767,0.17
925,0.956,128.4654775,47.487,1.07
926,0.993,111.6314165,49.421,1.48
927,0.568,75.64608137,74.221,0.62
928,0.796,151.9799984,52.286,-0.39
929,0.544,118.5185789,72.485,-0.62
930,0.424,103.940891,79.307,-2.6
931,0.665,92.63741665,49.818,0.73
932,1.112,90.73742188,36.416,-0.32
933,0.921,87.05353986,63.378,0.35
934,0.942,73.07796339,57.971,0.28
935,0.876,102.7510895,58.642,0.43
936,0.995,103.940891,33.732,1.66
937,0.82,143.4783704,53.199,-1.37
938,0.448,108.8394743,77.279,0.84
939,0.538,83.13548515,77.64,0.02
940,1.03,84.0981487,57.219,0.32
941,0.682,116.6235979,61.497,0.47
942,0.65,73.75414546,74.869,-1.03
943,0.721,112.9240474,54.975,-0.36
944,0.797,96.11395214,55.231,0.02
945,0.683,112.4052085,78.889,-4.7
946,0.874,98.57946016,80.808,-1.74
947,0.888,73.58451564,55.184,-1.4
948,0.931,76.17043495,50.84,-0.17
949,0.763,89.28663084,63.983,0.58
950,0.707,119.6152178,47.904,-0.43
951,1.151,102.7510895,16.31,0.09
952,1.051,126.4114566,42.703,-0.66
953,1.355,145.4743534,23.632,0.47
954,0.964,121.2792313,66.297,-0.13
955,1.459,79.94410329,33.188,0.65
956,1.37,97.90084392,41.043,0.69
957,0.873,41.57061366,52.579,1.22
958,1.51,148.8628864,38.125,0.62
959,1.51,85.66165002,60.202,-0.77
960,1.731,51.97403512,42.146,0.24
961,1.715,68.67306569,38.469,-0.32
962,1.404,82.18384112,42.852,0.77
963,1.761,106.85293,20.321,-0.47
964,1.817,102.5147686,26.95,1.25
965,0.728,107.0992515,44.689,0.95
966,0.877,63.7949697,55.098,1.14
967,0.592,106.85293,71.535,0.32
968,0.906,89.6987592,56.083,0.92
969,0.778,84.29201495,49.594,0.77
970,0.57,122.6835786,77.418,-0.36
971,0.613,69.14908464,67.661,-0.28
972,0.926,154.4494747,39.389,-0.66
973,1.137,151.6304541,22.524,-1.29
974,1.136,133.9018063,50.699,-2.79
975,1.153,77.40810495,49.914,0.09
976,1.003,157.6835669,67.515,-0.88
977,0.921,78.12435333,74.37,-0.47
978,1.032,87.85903634,52.071,-1.33
979,1.159,83.32713224,44.07,-0.99
980,1,84.0981487,67.95,-1.37
981,0.995,90.73742188,53.821,-4.1
982,1.047,86.25542821,43.714,0.24
983,0.687,93.27954855,78.498,-1.4
984,0.909,78.12435333,58.923,-0.84
985,1.004,97.45103041,65.292,-1.52
986,1.12,115.8207667,24.468,0.43
987,1.047,120.7220038,44.618,-1.74
988,1.198,95.45230835,31.273,-0.36
989,0.929,96.78018223,59.136,-0.51
990,0.886,109.0903752,95.055,-0.39
991,1.021,168.9609861,38.064,0.24
992,0.734,71.5791333,79.058,-0.24
993,0.697,108.3394024,72.492,-3.01
994,0.841,92.63741665,41.833,-2.08
995,1.089,77.05244702,45.761,0.24
996,1.143,93.92613149,52.789,-1.78
997,0.985,58.99109199,49.696,1.52
998,0.813,60.36517104,64.25,0.47
999,0.595,97.45103041,92.411,-1.14
1000,0.746,117.4319941,61.247,-0.17
1001,0.891,145.4743534,55.887,0.35
1002,0.999,112.1466837,54.387,1.4
1003,0.631,78.48495896,78.902,1.25
1004,1.004,112.4052085,63.733,-0.06
1005,1.048,106.85293,34.015,-0.77
1006,1.14,102.043756,42.568,0.88
1007,0.972,92.21178638,44.841,1.07
1008,1.043,148.5205113,53.571,-0.69
1009,0.921,127.8752323,66.863,-1.48
1010,1.094,91.15624679,45.634,-1.33
1011,1.006,95.45230835,60.22,-1.22
1012,0.754,54.67470337,75.531,-0.73
1013,1.09,110.099776,47.317,0.47
1014,0.959,47.72945062,73.255,-0.69
1015,1.342,69.30848974,40.75,-0.99
1016,1.215,79.94410329,49.865,-0.36
1017,1.193,107.841628,52.735,-0.73
1018,1.29,65.13080343,46.546,1.03
1019,1.177,121.8390308,40.438,-0.39
1020,0.878,107.5935992,63.74,-1.78
1021,0.702,73.92416633,77.335,-0.66
1022,0.674,88.26457523,67.346,-0.02
1023,0.832,134.8299693,47.444,1.29
1024,1.089,153.386252,37.127,0.95
1025,0.991,102.043756,49.845,-0.36
1026,1.111,162.4749588,55.555,1.18
1027,0.903,106.3619854,73.266,-0.02
1028,0.961,100.8756708,59.607,-0.21
1029,0.825,97.45103041,55.363,-0.58
1030,1.046,99.72095651,40.371,0.32
1031,1.326,127.8752323,28.998,1.25
1032,0.912,102.2789911,39.095,-0.43
1033,0.721,140.212404,49.387,0.51
1034,0.952,61.48744336,68.344,-0.36
1035,0.828,63.7949697,71.747,-1.07
1036,1.221,84.29201495,60.38,-0.43
1037,1.163,84.87629929,51.414,0.35
1038,1.093,104.4206604,64.336,-0.06
1039,0.853,93.27954855,66.079,-0.77
1040,0.801,68.04346724,47.88,-0.28
1041,1.06,81.99482353,44.649,0.39
1042,0.987,71.41450586,55.907,-0.21
1043,1.062,77.40810495,54.092,-2.3
1044,1.014,137.9705627,60.033,0.02
1045,1.121,183.5635447,50.786,-0.17
1046,1.453,162.1012768,52.187,1.07
1047,1.106,112.4052085,46.647,0.77
1048,1.041,90.73742188,56.178,0.92
1049,1.16,128.4654775,57.504,-1.82
1050,0.914,116.0877611,36.621,1.52
1051,1.2,129.6541539,45.693,1.4
1052,1.269,81.43037514,57.051,1.4
1053,0.902,72.74220065,61.782,0.43
1054,0.924,104.9026443,64.451,0.47
1055,1.015,72.24144687,58.675,1.89
1056,0.568,73.92416633,67.516,2.38
1057,0.703,116.0877611,53.521,1.85
1058,1.1,124.1041875,55.199,0.62
1059,0.673,65.43143356,68.335,0.92
1060,0.893,92.4243565,54.935,1.74
1061,0.945,113.7067995,40.225,1.33
1062,0.751,84.48632812,43.931,1.93
1063,0.697,110.099776,67.324,1.03
1064,0.886,140.859595,65.852,0.28
1065,0.752,113.1843642,53.297,1.52
1066,0.827,105.1444698,49.086,0.47
1067,0.674,83.90472832,83.529,0.8
1068,0.906,57.38342096,53.51,0.17
1069,0.596,57.25144276,76.25,1.25
1070,0.559,66.95552744,87.906,1.03
1071,0.605,81.24309047,67.155,-0.09
1072,0.416,65.13080343,48.587,1.1
1073,0.782,112.1466837,39.849,0.84
1074,0.753,65.28094544,75.636,0.84
1075,0.952,96.33551769,46.038,1.07
1076,0.906,117.161908,57.272,0.73
1077,1.151,114.4949774,52.165,1.4
1078,0.98,86.85332227,60.649,1.22
1079,0.984,126.9949454,51.034,1.25
1080,1.402,122.4014142,47.111,-1.22
1081,1.087,117.161908,27.077,1.7
1082,0.926,102.9879552,60.05,0.92
1083,1.419,118.7917925,50.49,1.63
1084,0.956,106.1173596,81.386,-0.17
1085,1.183,145.4743534,52.204,-0.84
1086,1.414,197.1453035,43.669,0.13
1087,1.553,193.5469962,29.954,-1.1
1088,1.225,149.5500063,46.622,0.62
1089,1.373,109.3418545,43.862,0.32
1090,1.359,116.3553711,43.164,-0.17
1091,1.244,57.11976809,35.885,0.47
1092,1.017,77.9446723,56.415,-0.39
1093,1.19,124.9644366,48.563,0.02
1094,1.231,98.80670928,64.633,0.51
1095,0.84,85.07195936,62.809,-0.47
1096,1.026,80.86981238,53.729,0.8
1097,1.148,64.0894339,47.62,1.1
1098,1.012,91.36638364,67.807,-0.77
1099,1.156,106.3619854,50.92,0.09
1100,1.179,91.99970516,29.011,0.13
1101,1.131,80.12839348,41.166,-0.43
1102,1.03,80.68381697,51.982,-0.28
1103,0.937,155.8785781,57.857,-0.58
1104,1.143,58.58500017,12.028,0.24
1105,1.271,116.0877611,49.023,0.21
1106,1.628,102.7510895,66.699,-0.06
1107,1.159,162.4749588,46.291,0.35
1108,0.82,81.80624067,58.747,0.8
1109,1.007,95.45230835,68.513,-0.51
1110,0.941,120.4443509,33.803,0.06
1111,1.135,101.8090618,65.379,-1.25
1112,0.822,131.7608645,53.949,-1.18
1113,1.109,143.8091222,40.839,-1.55
1114,0.969,113.1843642,58.091,-0.24
1115,1.065,72.24144687,50.409,-0.95
1116,1.284,114.7589155,21.767,-0.28
1117,1.196,149.5500063,60.346,-1.14
1118,0.87,148.1789236,69.864,-1.52
1119,0.814,105.3868529,60.427,-0.32
1120,0.694,137.9705627,75.131,-0.36
1121,0.782,122.6835786,52.181,-0.99
1122,1.19,78.12435333,51.576,0.24
1123,0.542,64.23717531,76.719,0.35
1124,0.907,72.74220065,39.973,0.77
1125,0.797,121.0002968,68,-0.09
1126,0.62,48.72888067,62.6,-0.39
1127,0.848,77.58654907,76.013,-0.47
1128,1.012,125.5412462,38.481,-0.36
1129,0.767,152.6815062,74.254,-0.88
1130,0.643,80.49824934,61.519,-0.36
1131,1.016,90.11278986,55.966,-0.84
1132,0.732,67.57505931,61.115,-0.24
1133,0.748,91.15624679,53.483,-0.28
1134,0.808,119.8909594,53.798,-1.67
1135,0.73,90.5287316,64.051,-0.73
1136,0.777,117.161908,60.118,-0.84
1137,0.786,98.35273369,60.06,-0.06
1138,1.192,98.12652868,54.697,-1.33
1139,1.072,186.9762458,75.414,-3.31
1140,0.955,117.7027028,62.273,-1.18
1141,1.278,68.83137346,43.749,-0.77
1142,1.098,164.7352106,94.511,-1.29
1143,1.374,137.02078,40.094,-1.25
1144,0.971,174.4963855,53.412,-0.8
1145,1.038,95.45230835,55.58,-0.17
1146,1.39,142.4906723,38.645,-0.13
1147,1.03,103.940891,60.342,-0.8
1148,1.091,60.226335,61.949,0.8
1149,1.425,107.841628,52.972,0.32
1150,0.975,70.43466211,72.816,0.51
1151,0.753,73.75414546,60.164,-1.59
1152,0.818,84.68108922,48.702,0.69
1153,0.818,91.36638364,65.467,-1.18
1154,0.934,109.5939135,50.638,-0.36
1155,0.816,105.3868529,51.095,0.17
1156,0.852,62.3428189,54.597,0.32
1157,0.679,97.67567823,69.029,-0.06
1158,0.829,71.74414024,70.867,-0.28
1159,0.813,81.99482353,50.89,0.21
1160,0.873,71.90952757,48.417,0.17
1161,0.981,58.85541625,52.025,1.14
1162,1.048,90.73742188,43.054,0.95
1163,1.098,128.1700151,44.241,1.59
1164,1.014,87.25421899,44.04,1.22
1165,1.194,117.161908,49.345,-0.36
1166,0.88,82.5631845,56.599,-0.8
1167,0.956,91.36638364,48.083,0.02
1168,1.322,106.3619854,36.302,0.24
1169,0.98,112.6643293,53.087,-0.73
1170,0.592,84.29201495,55.294,0.21
1171,0.757,77.40810495,50.938,-0.09
1172,0.815,84.68108922,57.788,-0.36
1173,0.897,96.11395214,43.463,0.06
1174,0.658,61.06416678,53.316,0.8
1175,0.668,93.71010738,57.175,0.92
1176,0.884,55.94824082,55.629,-1.29
1177,1.118,90.5287316,46.971,0.13
1178,1.219,97.45103041,43.634,-0.39
1179,0.773,85.07195936,49.086,-0.36
1180,0.605,88.46804609,61.899,-0.47
1181,1.116,143.4783704,49.294,-0.02
1182,1.145,162.4749588,53.128,-0.02
1183,1.234,102.5147686,28.654,0.17
1184,1.155,113.9689207,41.561,0.65
1185,0.991,75.99524781,72.249,0.69
1186,0.932,108.0902286,42.199,1.4
1187,0.63,108.3394024,71.811,-0.62
1188,0.805,123.2498603,42.865,-0.47
1189,0.887,78.48495896,65.915,1.25
1190,1.022,124.9644366,44.968,1.48
1191,0.912,107.3461407,54.389,2.04
1192,1.007,152.3303485,58.435,0.77
1193,0.933,113.9689207,43.283,1.82
1194,0.63,67.10987587,68.51,0.47
1195,0.833,208.3466086,48.323,0.39
1196,1.016,103.940891,47.109,0.24
1197,0.77,176.1109807,50.321,-0.99
1198,1.007,83.90472832,50.276,0.28
1199,0.793,83.32713224,41.103,-0.88
1200,1.112,116.8924431,76.18,-1.07
1201,1.259,107.0992515,28.029,-0.21
1202,1.172,153.386252,50.615,-0.73
1203,1.177,68.83137346,51.19,-1.18
1204,1.124,171.7063813,53.447,0.06
1205,0.781,160.9853794,54.215,-0.88
1206,0.994,190.4523937,57.659,-0.8
1207,1.115,101.8090618,42.351,0.24
1208,1.091,101.1082132,60.716,-0.09
1209,1.089,129.3559577,57.62,0.13
1210,1.349,68.67306569,44.355,0.09
1211,1.296,113.7067995,12.838,0.8
1212,1.176,88.26457523,56.447,-0.21
1213,1.121,63.21009391,35.201,1.89
1214,1.356,121.0002968,67.047,-0.06
1215,1.061,92.4243565,63.024,1.25
1216,1.397,159.142595,51.214,-0.73
1217,1.098,69.6284032,63.843,0.88
1218,1.059,77.76540453,52.391,0.02
1219,1.162,131.4578229,50.097,1.14
1220,0.982,80.86981238,57.067,0.13
1221,1.288,134.8299693,39.272,0.21
1222,0.971,79.21117135,48.81,1.07
1223,0.521,56.20648616,97.782,0.69
1224,1.144,114.4949774,19.575,0.54
1225,0.979,156.5980809,57.521,-0.21
1226,0.784,116.8924431,53.833,-1.74
1227,1.333,122.4014142,46.356,-0.54
1228,1.395,121.8390308,37.861,-0.36
1229,1.29,64.23717531,73.805,0.21
1230,1.309,63.35580822,49.098,-0.8
1231,1.371,88.46804609,36.482,0.84
1232,1.127,99.95083705,55.533,-1.4
1233,0.952,94.35967481,61.031,-1.63
1234,1.151,69.78891324,69.493,0.24
1235,0.694,103.225367,50.788,-0.36
1236,0.827,115.8207667,43.961,0.09
1237,1.393,67.10987587,27.224,1.22
1238,0.839,170.1321677,43.538,-0.02
1239,1.138,147.158867,27.255,0.17
1240,1.033,127.8752323,56.162,-1.07
1241,0.974,168.5723866,38.324,0.65
1242,1.445,113.1843642,31.276,0.88
1243,1.005,66.03686316,54.918,-0.13
1244,0.729,66.49460883,79.428,-0.17
1245,1.191,70.11104423,46.515,0.8
1246,0.891,99.95083705,58.291,0.28
1247,0.654,123.2498603,57.79,-0.28
1248,0.783,63.9420323,58.513,-0.69
1249,0.83,67.57505931,52.132,-0.43
1250,0.915,81.80624067,31.687,0.47
1251,0.636,52.57586608,70.979,-0.73
1252,1.102,69.78891324,35.487,0.17
1253,1.253,89.6987592,45.66,-0.43
1254,0.737,86.4542675,63.569,0.17
1255,0.912,107.841628,50.343,0.28
1256,1.05,94.57719633,44.251,0.17
1257,1.308,109.8465536,34.194,0.24
1258,1.169,69.14908464,58.796,0.73
1259,1.43,109.8465536,37.983,-1.33
1260,1.251,111.8887535,38.071,-0.8
1261,0.975,77.05244702,68.921,1.33
1262,0.85,81.80624067,59.829,0.73
1263,1.383,50.79096164,39.078,0.95
1264,0.877,78.12435333,65.721,0.62
1265,0.493,139.5681865,70.77,-0.36
1266,0.999,153.386252,43.53,-0.24
1267,0.978,115.8207667,53.661,-0.13
1268,0.997,95.67234865,44.75,0.21
1269,0.767,90.11278986,59.007,-1.78
1270,0.859,70.75977374,54.056,-0.32
1271,0.934,118.5185789,41.238,0.02
1272,0.784,93.06501154,64.744,-0.84
1273,0.547,102.9879552,63.617,-0.92
1274,0.702,62.91966991,62.345,-0.02
1275,0.635,65.88498259,60.07,-0.77
1276,1.044,78.12435333,45.229,-0.36
1277,0.806,147.4981032,59.263,-1.7
1278,0.658,68.04346724,74.137,0.32
1279,1.014,62.1994344,58.905,0.95
1280,0.724,101.5749075,67.327,-0.17
1281,0.839,119.3401105,55.319,-1.55
1282,1.156,195.7881648,28.201,0.43
1283,0.806,98.80670928,54.164,-0.06
1284,0.912,153.0334734,51.799,-2.64
1285,0.991,91.15624679,56.727,-0.32
1286,0.965,153.0334734,47.275,-0.99
1287,1.004,128.1700151,63.962,-2.83
1288,0.938,65.43143356,60.769,0.02
1289,0.784,111.8887535,53.886,-1.59
1290,0.838,150.5866374,54.32,-0.24
1291,1.072,124.9644366,60.923,-0.17
1292,0.631,102.2789911,62.306,-0.09
1293,1.068,189.5773445,45.44,-1.4
1294,0.902,98.80670928,59.111,-2.15
1295,1.396,85.46463369,24.243,-0.09
1296,0.796,75.47210021,74.32,0.77
1297,1.123,100.4121892,46.172,-0.09
1298,1.316,161.7284542,38.743,-1.44
1299,1.326,134.8299693,28.661,1.59
1300,1.094,97.90084392,63.537,0.21
1301,0.727,62.48653394,54.391,0.06
1302,1.048,94.57719633,43.88,-1.03
1303,0.769,112.4052085,51.064,0.73
1304,0.514,54.17344268,85.718,0.8
1305,0.756,113.1843642,56.455,0.77
1306,0.843,51.61624838,48.51,1.37
1307,0.667,52.09384764,70.644,0.02
1308,0.834,118.5185789,24.285,0.99
1309,1.03,77.05244702,44.084,0.17
1310,0.905,118.2459938,48.064,0.02
1311,1.162,104.1804995,39.257,0.13
1312,0.799,142.8191472,57.524,0.21
1313,1.104,93.71010738,23.507,0.95
1314,1.174,142.1629528,40.411,1.63
1315,1.006,154.4494747,62.195,0.43
1316,1.023,90.94659324,57.732,1.48
1317,0.612,35.79203863,76.572,0.54
1318,0.5,111.1185167,56.135,0.21
1319,1.079,76.87523131,51.577,0.99
1320,0.927,83.32713224,41.024,1.25
1321,0.896,94.79521928,57.637,-2.71
1322,1.035,107.5935992,22.897,-0.02
1323,0.719,103.940891,70.682,-0.06
1324,0.771,57.38342096,51.893,-0.28
1325,1.13,126.1207183,33.18,1.07
1326,0.946,195.3378645,43.85,-0.39
1327,0.858,89.28663084,64.859,0.39
1328,1.15,91.57700491,43.657,0.88
1329,0.85,101.3412917,41.475,-3.31
1330,0.869,139.2471886,73.567,-2.53
1331,1.191,189.5773445,30.714,-1.67
1332,1.408,165.1149645,53.894,-0.54
1333,1.486,145.1397717,24.234,-1.1
1334,1.311,81.24309047,64.525,-0.62
1335,1.279,121.8390308,46.133,-1.22
1336,1.149,77.23007125,75.193,0.8
1337,0.737,60.50432713,61.92,0.88
1338,1.094,146.820411,52.141,-0.24
1339,1.026,118.7917925,40.531,0.43
1340,1.099,104.1804995,54.567,1.48
1341,1.045,119.8909594,49.879,-1.4
1342,0.934,92.4243565,57.683,-1.18
1343,1.237,124.9644366,40.184,-0.28
1344,1.035,73.75414546,77.486,0.69
1345,1.139,145.4743534,40.532,-0.66
1346,0.99,106.1173596,50.79,-0.28
1347,1.31,132.9800327,50.242,-1.55
1348,0.847,76.69842318,74.722,0.17
1349,0.907,115.5543863,54.505,-1.52
1350,1.244,72.4079806,42.421,-0.06
1351,1.301,110.3535822,54.523,-1.48
1352,0.674,81.43037514,51.307,0.88
1353,1.131,85.07195936,56.204,-0.51
1354,0.679,89.9055362,61.027,-0.02
1355,0.866,104.4206604,53.886,0.43
1356,0.837,133.9018063,44.109,0.84
1357,0.899,129.3559577,69.891,-0.43
1358,0.848,119.8909594,52.436,0.73
1359,0.981,83.90472832,54.258,-2.23
1360,1.15,71.90952757,60.101,0.84
1361,1.318,51.37909326,51.548,-0.06
1362,1.069,130.2526103,58.851,0.32
1363,0.879,79.76023695,61.662,-0.95
1364,0.946,123.5339805,59.811,0.24
1365,0.898,125.5412462,58.367,0.69
1366,0.796,99.26278033,65.761,-1.96
1367,0.793,131.1554783,55.438,0.28
1368,1.006,98.12652868,32.591,0.32
1369,0.985,56.72655837,64.291,-2.75
1370,1.07,107.5935992,34.504,0.28
1371,0.909,113.4452811,54.079,-0.36
1372,0.962,92.85096795,54.396,0.62
1373,1.24,83.13548515,52.101,-0.8
1374,1.029,97.45103041,49.559,-0.99
1375,1.413,70.27266688,54.262,0.28
1376,1.102,101.5749075,66.365,-3.24
1377,1.152,116.8924431,46.182,0.09
1378,1.033,120.7220038,58.224,0.09
1379,1,89.08127729,51.402,1.03
1380,0.884,63.50185844,75.761,0.51
1381,0.989,79.21117135,54.383,1.07
1382,0.776,74.43658417,72.944,-0.24
1383,0.834,173.2951609,64.493,-2.26
1384,1.001,205.487986,43.922,-0.21
1385,1.026,155.5200673,46.71,0.09
1386,0.921,146.820411,48.164,-0.13
1387,1.039,89.6987592,57.206,0.13
1388,0.815,102.2789911,65.084,0.39
1389,0.787,108.8394743,47.984,-1.89
1390,1.162,145.1397717,58.255,-0.02
1391,1.245,98.35273369,23.284,-0.21
1392,0.879,120.7220038,63.423,0.47
1393,0.71,82.18384112,61.866,-0.84
1394,1.307,147.158867,34.28,-0.02
1395,1.021,117.161908,49.119,-0.95
1396,0.928,75.1253374,48.186,0.17
1397,1.188,79.94410329,44.637,0.54
1398,0.65,67.88697161,79.205,0.24
1399,1.023,86.65356517,72.835,0.28
1400,0.987,73.58451564,41.103,1.33
1401,0.723,83.13548515,74.642,-0.21
1402,1.284,150.2402977,39.821,0.8
1403,1.264,111.1185167,49.401,-2.53
1404,1.195,137.9705627,34.156,0.8
1405,0.703,179.3851283,87.275,-0.39
1406,1.096,111.3746714,32.815,0.73
1407,0.745,84.87629929,77.478,1.7
1408,0.813,104.6613749,63.305,-0.77
1409,1.05,96.78018223,48.203,0.39
1410,0.995,71.08638601,48.925,0.32
1411,1.108,145.4743534,43.069,-0.62
1412,1.133,97.90084392,48.062,0.65
1413,0.855,66.03686316,54.421,0.24
1414,1.067,128.761621,58.958,-0.06
1415,0.905,102.7510895,55.965,-0.47
1416,1.039,107.0992515,52.55,0.95
1417,0.652,83.32713224,81.082,0.8
1418,1.13,130.8538291,30.522,-0.54
1419,0.77,147.158867,59.852,0.43
1420,1.046,209.7907983,49.552,-4.58
1421,0.905,145.4743534,52.167,-0.21
1422,1.064,86.25542821,41.121,-0.39
1423,0.81,77.40810495,78.152,0.43
1424,1.214,165.8771006,34.89,0.13
1425,1.082,137.02078,43.409,-0.88
1426,0.718,72.24144687,56.774,0.17
1427,1.044,93.71010738,55.398,0.51
1428,1.236,86.25542821,43.966,0.17
1429,0.85,97.90084392,92.038,-1.14
1430,0.819,84.29201495,43.458,0.54
1431,1.233,119.0656358,38.712,-0.43
1432,1.041,79.39377195,46.97,0.88
1433,1.1,73.92416633,60.454,0.13
1434,0.814,57.38342096,64.251,-0.39
1435,1.062,64.38525729,66.477,-0.58
1436,0.933,74.78016783,59.439,0.21
1437,0.544,51.61624838,84.464,-0.02
1438,0.52,79.94410329,68.349,-3.8
1439,0.841,86.85332227,50.439,0.8
1440,0.734,124.3902772,48.967,-0.69
1441,0.829,119.3401105,63.985,-1.96
1442,0.695,94.79521928,60,0.62
1443,0.87,148.8628864,50.483,-2.08
1444,0.648,72.57489823,65.764,1.07
1445,0.838,122.1198987,49.304,-0.88
1446,0.711,86.4542675,58.535,1.18
1447,0.603,94.79521928,69.222,-0.92
1448,0.692,89.28663084,65.625,0.43
1449,0.893,93.27954855,55.995,-2.38
1450,0.883,90.73742188,63.669,-1.03
1451,0.789,103.225367,45.084,-0.39
1452,0.775,158.7765772,61.681,0.02
1453,0.912,106.1173596,28.608,-1.55
1454,0.825,105.3868529,53.882,-0.92
1455,0.997,119.8909594,36.322,-1.52
1456,0.985,77.23007125,49.743,-3.16
1457,1.171,151.6304541,47.583,-2.68
1458,0.744,63.21009391,59.363,0.84
1459,0.81,73.58451564,50.541,-0.43
1460,1.436,58.85541625,76.051,1.1
1461,0.676,70.43466211,67.112,-0.88
1462,0.793,161.7284542,54.105,-0.51
1463,0.732,178.1502497,53.072,-2.41
1464,0.756,145.4743534,59.496,-0.69
1465,0.869,124.6770264,48.084,-2.38
1466,0.639,104.4206604,76.64,-0.99
1467,0.864,135.1407844,45.814,0.58
1468,0.773,89.28663084,63.045,-0.28
1469,1.14,79.76023695,54.323,0.95
1470,0.768,79.5767935,57.085,-0.62
1471,1.011,82.18384112,70.132,0.69
1472,0.911,111.8887535,53.132,-0.69
1473,1.287,122.9663934,37.159,1.52
1474,0.614,58.99109199,79.249,0.88
1475,0.725,37.65186003,82.229,1.66
1476,1.165,76.17043495,34.953,0.62
1477,0.715,127.2876989,57.228,0.58
1478,1.1,156.2379153,36.305,0.47
1479,0.786,78.30444857,52.284,0.47
1480,0.954,171.7063813,44.912,1.14
1481,0.718,121.0002968,52.439,-0.47
1482,0.816,100.8756708,64.597,0.47
1483,1.03,82.94427884,76.725,-1.1
1484,1.165,227.9220989,34.722,-0.88
1485,1.273,87.45536074,42.124,-0.09
1486,1.103,165.8771006,41.987,-0.21
1487,1.11,142.8191472,58.996,-0.02
1488,0.866,99.72095651,65.128,0.51
1489,1.025,105.3868529,56.232,1.4
1490,0.921,137.02078,64.772,-0.73
1491,1.208,119.6152178,51.012,0.65
1492,0.994,78.12435333,46.924,1.55
1493,0.807,90.3205213,62.987,0.28
1494,1.045,112.1466837,60.659,-0.09
1495,0.949,74.26538478,71.51,0.43
1496,1.051,90.5287316,45.734,-0.06
1497,0.995,97.22689926,56.727,0.43
1498,0.921,118.7917925,60.716,-0.17
1499,0.891,59.2633825,50.091,0.17
1500,1.062,67.73083591,58.677,0.02
1501,0.937,63.50185844,38.29,1.1
1502,0.851,115.2886186,55.213,0.73
1503,1.085,87.65696617,43.12,0.43
1504,0.95,147.4981032,45.215,1.4
1505,0.642,54.92707034,71.887,0.32
1506,1.317,63.35580822,21.451,1.03
1507,0.768,143.1483793,53.432,0.39
1508,1.159,131.7608645,44.622,1.4
1509,1.031,155.5200673,34.227,-0.32
1510,1.298,81.99482353,37.446,1.14
1511,0.986,75.1253374,55.913,1.52
1512,0.963,101.8090618,64.663,1.18
1513,1.012,50.67414567,51.731,1.44
1514,1.243,139.2471886,54.459,-0.54
1515,0.861,70.75977374,48.297,1.1
1516,1.297,82.37329444,30.482,-0.06
1517,1.154,99.26278033,34.915,0.43
1518,0.932,54.17344268,64.878,0.65
1519,0.88,121.0002968,54.814,0.28
1520,0.953,52.69706597,45.489,0.88
1521,1.312,115.0234622,21.824,0.58
1522,0.84,117.4319941,66.154,0.32
1523,0.948,160.6151233,44.144,1.18
1524,0.862,199.8878679,57.782,-1.03
1525,1.28,201.2734244,31.917,1.55
1526,0.967,116.6235979,53.909,0.24
1527,1.136,93.92613149,37.349,1.29
1528,1.116,93.27954855,58.608,0.54
1529,1.291,48.5049918,50.56,0.88
1530,0.769,94.35967481,51.249,1.25
1531,1.199,105.8732965,41.805,1.33
1532,0.68,40.81186445,61.036,1.22
1533,0.459,55.3078066,74.603,0.77
1534,0.699,67.41964098,61.008,1.4
1535,1.003,107.841628,29.049,0.58
1536,0.919,163.6011814,63.884,-1.22
1537,0.909,160.2457188,65.8,-1.89
1538,0.823,136.3912267,84.237,-0.54
1539,1.113,130.2526103,52.983,-0.58
1540,0.819,74.43658417,55.616,-0.39
1541,0.866,85.46463369,66.048,0.39
1542,0.836,84.0981487,63.572,0.47
1543,0.915,49.40676693,66.244,1.14
1544,0.886,95.67234865,58.728,0.17
1545,1.164,65.88498259,35.753,-0.17
1546,1.069,105.1444698,49.36,-1.22
1547,0.958,57.11976809,59.378,0.17
1548,1.168,95.89289619,38.71,0.69
1549,0.981,139.2471886,56.613,0.47
1550,1.126,141.8359871,49.449,1.55
1551,0.862,135.4523161,59.084,1.33
1552,1.027,131.7608645,45.671,0.58
1553,1.112,136.3912267,47.424,0.32
1554,1.074,90.3205213,51.934,1.55
1555,1.28,117.161908,40.341,1.1
1556,1.129,116.3553711,52.87,0.28
1557,0.955,145.4743534,56.98,-0.77
1558,1.543,187.8392889,29.621,0.58
1559,1.099,99.95083705,78.394,0.28
1560,1.224,117.9740355,42.282,-0.54
1561,0.726,116.8924431,64.459,2.04
1562,1.244,108.3394024,43.976,1.48
1563,0.693,85.85912051,65.886,0.99
1564,1.112,200.348657,34.123,0.77
1565,0.882,124.1041875,63.074,1.03
1566,0.901,128.761621,40.64,-0.28
1567,0.926,107.841628,54.906,0.24
1568,1.068,102.7510895,40.789,0.8
1569,1.121,95.01374483,60.544,1.7
1570,0.924,90.5287316,39.88,1.1
1571,0.822,93.06501154,61.208,1.63
1572,0.785,82.94427884,52.762,0.95
1573,0.687,115.2886186,45.8,1.33
1574,0.751,72.07529615,53.761,0.09
1575,0.94,89.49245778,49.506,0.39
1576,0.711,77.76540453,52.194,0.62
1577,0.915,174.4963855,44.705,-0.24
1578,0.907,98.57946016,65.877,0.21
1579,0.92,87.05353986,52.812,0.43
1580,0.808,39.79114493,64.212,0.95
1581,0.742,102.9879552,65.925,0.77
1582,0.99,113.4452811,60.292,0.47
1583,1.145,116.0877611,30.395,-0.02
1584,1.095,56.20648616,38.004,0.8
1585,1.046,54.42349593,65.446,-0.66
1586,1.281,102.9879552,46.602,1.55
1587,0.891,97.00328359,71.814,-0.88
1588,1.145,86.65356517,32.484,0.69
1589,1.068,112.9240474,50.473,0.54
1590,0.901,73.58451564,60.902,1.52
1591,0.939,86.65356517,52.622,0.95
1592,0.922,65.28094544,47.811,1.14
1593,0.606,66.03686316,62.876,1.03
1594,0.785,101.3412917,67.538,0.58
1595,0.83,71.25025706,47.091,0.02
1596,1.016,147.158867,59.464,-1.25
1597,0.969,123.8187558,32.403,0.21
1598,0.847,57.91438322,45.229,1.48
1599,0.815,119.3401105,63.337,0.06
1600,0.911,49.74923828,45.364,0.54
1601,1.156,132.0646046,78.425,-0.62
1602,1.067,121.8390308,41.994,0.28
1603,0.899,94.79521928,34.047,1.25
1604,0.922,132.0646046,73.946,-0.66
1605,0.849,111.3746714,50.781,1.74
1606,0.908,114.2316462,65.212,0.62
1607,0.807,67.26458011,54.488,1.44
1608,0.92,107.3461407,45.625,0.47
1609,1.073,179.7986537,54.595,-0.02
1610,1.125,123.2498603,64.851,0.99
1611,1.203,183.9867024,38.511,0.13
1612,0.803,97.67567823,71.816,0.8
1613,1.115,124.3902772,47.385,1.03
1614,0.752,110.099776,52.888,1.59
1615,1.107,138.2886177,62.307,0.54
1616,0.891,144.8059595,49.868,0.77
1617,1.164,208.8268971,33.37,0.95
1618,0.907,90.94659324,75.525,0.99
1619,1.403,120.1673366,6.563,1.22
1620,1.142,84.87629929,48.693,1.03
1621,1.404,206.4364754,43.469,-1.93
1622,1.517,135.4523161,48.809,1.14
1623,1.09,120.4443509,38.654,0.32
1624,1.425,158.4114012,64.066,-0.32
1625,1.253,163.6011814,54.903,0.58
1626,1.084,57.25144276,68.593,0.28
1627,1.04,63.21009391,84.474,0.21
1628,1.531,145.4743534,44.472,0.02
1629,1.193,84.68108922,61.335,-0.36
1630,0.927,68.04346724,66.669,0.58
1631,1.223,57.25144276,55.846,1.29
1632,0.529,32.86899577,70.925,1.25
1633,1.141,217.1633015,38.082,-0.09
1634,1.078,105.3868529,40.198,1.25
1635,0.797,68.99004616,56.969,1.18
1636,0.971,92.21178638,32.193,0.51
1637,0.65,70.59703077,72.094,-0.24
1638,0.984,88.671986,37.027,0.28
1639,0.976,65.58226859,51.246,0.95
1640,1.17,165.8771006,47.342,0.24
1641,1.066,148.1789236,86.368,-2.04
1642,1.062,122.6835786,57.801,-0.58
1643,1.14,97.90084392,50.767,-0.32
1644,0.919,83.32713224,54.149,-0.66
1645,1.314,55.691182,50.576,0.84
1646,1,44.64639893,55.786,0.77
1647,0.737,98.57946016,45.492,1.85
1648,1.074,75.64608137,61.46,-0.24
1649,1.1,75.64608137,41.636,1.4
1650,0.628,132.369045,58.583,1.33
1651,0.914,104.4206604,38.841,1.18
1652,0.992,62.3428189,42.849,1.59
1653,1.082,72.74220065,43.657,0.51
1654,0.682,123.8187558,62.496,0.62
1655,0.997,105.6297947,49.577,0.13
1656,0.873,79.02899071,48.22,0.58
1657,0.914,45.16337987,58.142,0.73
1658,0.825,74.78016783,53.684,0.88
1659,0.96,64.83155457,36.737,0.43
1660,0.877,89.08127729,52.253,-1.55
1661,1.096,94.79521928,41.913,0.69
1662,1.093,103.7018336,57.18,-0.92
1663,0.837,91.78811171,90.536,-1.1
1664,1.028,105.3868529,51.421,-0.43
1665,0.766,82.94427884,56.167,-1.18
1666,1.178,144.1406365,51.708,-0.43
1667,0.973,69.30848974,69.604,-0.13
1668,0.854,105.3868529,51.063,-0.32
1669,0.958,94.14265358,67.806,-1.89
1670,1.079,101.1082132,53.616,0.24
1671,0.918,70.43466211,59.613,-0.13
1672,0.585,126.1207183,70.574,-0.24
1673,1.137,120.7220038,53.241,-1.03
1674,0.923,138.6074059,63.365,-0.92
1675,1.03,121.2792313,41.175,0.69
1676,1.28,217.1633015,48.908,-1.14
1677,1.056,95.45230835,46.404,0.88
1678,1.035,71.90952757,52.728,-0.54
1679,1.045,97.00328359,55.847,0.51
1680,1.068,149.2060508,57.174,1.07
1681,0.784,74.43658417,69.544,0.8
1682,1,107.5935992,56.397,0.17
1683,1.127,138.926929,50.43,-0.13
1684,1.126,136.705641,44.226,0.73
1685,1.093,92.4243565,51.842,-0.54
1686,0.886,71.74414024,61.418,-0.28
1687,0.93,165.8771006,52.272,0.09
1688,0.755,119.6152178,63.225,-0.92
1689,1.376,95.89289619,31.669,0.99
1690,1.07,82.5631845,52.079,0.99
1691,0.769,132.0646046,59.364,0.51
1692,0.917,158.7765772,63.678,-0.73
1693,0.627,105.1444698,70.805,-0.06
1694,1.055,147.8381215,46.615,-0.36
1695,1.107,53.30726923,56.005,-0.88
1696,0.51,93.92613149,69.745,0.62
1697,0.674,96.11395214,60.215,-0.28
1698,0.978,90.73742188,61.643,-2.75
1699,0.895,135.4523161,67.037,-0.73
1700,0.838,171.7063813,61.069,-0.39
1701,1.109,132.6741871,43.273,-0.32
1702,0.971,139.8899244,65.172,-1.33
1703,1.061,64.38525729,67.464,-0.73
1704,0.658,63.06471472,63.64,-1.37
1705,1.065,124.6770264,53.201,-0.58
1706,0.853,79.94410329,56.374,-0.51
1707,0.689,83.32713224,67.139,-0.77
1708,0.616,57.78118383,76.208,-0.73
1709,1.075,106.1173596,52.004,-0.09
1710,0.861,70.43466211,56.349,0.65
1711,0.781,80.68381697,66.183,0.35
1712,1.325,73.2464255,36.959,0.09
1713,0.877,102.2789911,63.684,-0.13
1714,1.281,109.5939135,51.746,-0.92
1715,1.302,97.45103041,58.657,-0.54
1716,1.138,107.3461407,47.479,-0.51
1717,1.101,58.58500017,58.984,0.62
1718,0.75,65.73345134,53.327,0.99
1719,1.004,115.2886186,58.736,0.47
1720,1.149,139.5681865,47.972,0.69
1721,0.645,44.74931951,58.654,1.59
1722,0.665,84.29201495,57.78,1.14
1723,1.029,134.8299693,56.694,0.13
1724,0.956,101.3412917,42.233,1.48
1725,0.809,117.4319941,90.642,-2.64
1726,0.932,194.8885999,68.386,0.13
1727,0.893,173.6946475,89.688,-2.79
1728,0.826,140.859595,43.844,0.77
1729,0.987,51.37909326,33.161,1.33
1730,0.943,118.5185789,43.792,0.73
1731,0.807,105.3868529,49.772,0.39
1732,0.855,95.45230835,51.266,0.39
1733,1.177,175.3018242,46.781,-0.73
1734,1.245,116.0877611,57.072,-0.62
1735,1.012,56.20648616,59.066,-0.02
1736,0.998,83.7117528,63.911,-1.18
1737,1.213,104.1804995,43.284,-0.06
1738,1.006,77.58654907,48.502,-0.92
1739,0.658,88.87639604,45.34,0.8
1740,1.021,82.37329444,78.751,-0.43
1741,1.26,114.7589155,45.04,0.47
1742,0.975,93.92613149,75.558,1.22
1743,0.934,83.90472832,49.709,0.69
1744,0.509,56.20648616,58.262,0.92
1745,1.073,130.5528736,44.931,-0.13
1746,0.943,209.7907983,46.34,-0.99
1747,1.082,149.5500063,35.397,-0.58
1748,1.174,103.940891,43.734,0.06
1749,1.245,115.8207667,35.999,-0.02
1750,1.237,122.9663934,32.376,-1.33
1751,1.152,115.2886186,50.019,1.18
1752,1.03,100.4121892,71.112,-0.36
1753,0.779,85.26807048,62.525,0.28
1754,0.892,88.26457523,77.747,0.65
1755,1.16,81.24309047,33.939,-1.48
1756,0.888,41.28444357,23.218,1.59
1757,1.081,86.4542675,58.922,0.92
1758,0.98,91.99970516,46.792,-0.39
1759,1.399,69.9497933,29.753,0.65
1760,1.054,89.08127729,39.97,-0.2
1761,1.246,142.1629528,45.328,-0.07
1762,0.827,99.26278033,41.775,0.69
1763,1.203,91.99970516,54.584,-1.44
1764,0.982,122.6835786,45.918,-0.72
1765,0.856,75.82046359,45.214,0.36
1766,0.857,159.5094566,68.028,0.1
1767,1.131,185.2620373,62.626,-0.72
1768,0.923,150.9337754,39.134,-0.03
1769,0.913,110.6079735,64.63,-0.64
1770,0.984,74.78016783,50.235,0.53
1771,0.8,114.2316462,45.174,0.21
1772,1.097,86.65356517,56.532,0.39
1773,0.817,103.940891,33.479,1.31
1774,0.947,91.57700491,40.819,1.08
1775,0.974,163.2249091,86.926,-0.57
1776,1.269,126.1207183,23.231,1.29
1777,1.258,86.4542675,32.242,-0.34
1778,1.139,92.4243565,58.527,0.79
1779,0.903,110.6079735,76.294,-1.82
1780,1.112,101.8090618,37.874,-0.17
1781,1.026,82.37329444,86.553,-1.19
1782,0.565,53.92453832,46.72,-0.69
1783,0.874,68.04346724,50.854,0.15
1784,0.702,104.6613749,54.261,0.63
1785,0.864,92.63741665,62.416,-0.13
1786,1.091,105.6297947,43.977,0.61
1787,1.185,122.1198987,60.584,-2.51
1788,1.249,94.79521928,25.89,0.52
1789,1.345,145.1397717,65.644,-0.71
1790,1,127.2876989,60.209,0
1791,0.945,122.1198987,43.535,-0.73
1792,1.453,154.0942508,21.124,0.07
1793,0.824,69.6284032,59.316,0.4
1794,1.208,74.43658417,31.269,1.56
1795,1.037,50.09408352,45.213,1.33
1796,0.953,122.4014142,52.337,0.43
1797,0.727,104.6613749,63.89,-1
1798,1.085,64.23717531,40.519,0.38
1799,0.884,141.8359871,52.064,0.77
1800,1.142,40.62435096,41.202,1.14
1801,1.042,113.1843642,63.488,-0.55
1802,1.043,120.4443509,31.207,1.68
1803,1.06,106.6071751,61.883,-0.12
1804,0.99,77.9446723,47.416,0.31
1805,1.008,102.043756,53.754,0.15
1806,0.817,71.5791333,94.749,-0.13
1807,0.811,73.75414546,48.156,0.19
1808,0.846,74.60817822,49.391,0.89
1809,0.796,106.1173596,79.847,-1.21
1810,1.065,162.4749588,76.066,-1.69
1811,1.191,163.6011814,57.607,-0.76
1812,0.817,90.11278986,41.056,0.59
1813,0.95,98.35273369,58.175,-0.41
1814,0.885,63.7949697,43.111,0.27
1815,0.923,110.6079735,60.78,-0.75
1816,1.012,86.25542821,35.14,0.75
1817,1.13,96.33551769,44.69,0.64
1818,1.053,82.5631845,66.079,0.39
1819,0.928,105.6297947,58.632,-0.1
1820,0.976,138.6074059,47.939,-0.46
1821,1.181,126.4114566,52.955,0.48
1822,0.776,62.77495868,52.847,-0.83
1823,0.741,97.67567823,37.461,0.32
1824,0.883,77.9446723,75.724,0.03
1825,0.88,99.72095651,47.888,0.45
1826,1.032,132.6741871,52.614,-0.12
1827,0.939,126.7028651,38.949,0.74
1828,1.065,165.4955938,43.364,-0.96
1829,0.933,92.63741665,44.892,0.66
1830,0.842,88.46804609,60.962,0.51
1831,0.989,86.65356517,44.332,1.11
1832,0.899,167.7978669,86.608,0
1833,1.063,108.0902286,38.382,0.33
1834,0.906,66.03686316,42.602,0.14
1835,1.031,137.02078,55.581,-2.13
1836,0.947,108.3394024,67.832,0.56
1837,1.056,174.4963855,62.838,-1.03
1838,0.995,163.2249091,85.13,-2.61
1839,1.175,123.5339805,12.283,-0.87
1840,1.079,100.6436632,61.724,-0.47
1841,1.271,96.33551769,45.145,0.06
1842,0.832,66.64789473,69.948,0.3
1843,1.412,141.18431,31.52,0.12
1844,0.986,87.45536074,61.594,-1.55
1845,1.096,66.95552744,75.962,-1.29
1846,0.703,60.36517104,49.259,0.36
1847,1.021,105.1444698,68.996,-0.22
1848,1.144,79.39377195,42.184,-1.47
1849,1.133,172.4989419,51.739,-0.76
1850,1.211,100.6436632,47.371,-0.18
1851,0.912,89.6987592,49.781,-1.06
1852,1.179,93.92613149,44.415,0.32
1853,1.187,200.8105083,61.028,0.08
1854,1.029,162.8495023,44.911,0.55
1855,0.976,55.05369031,59.833,0.37
1856,0.848,72.57489823,56.402,1.47
1857,0.823,85.07195936,56.485,0.85
1858,0.836,92.4243565,59.371,-0.93
1859,1.112,89.9055362,44.814,-0.17
1860,0.887,112.9240474,52.219,-0.93
1861,0.94,86.05704623,65.806,0.77
1862,0.809,105.1444698,60.549,-0.1
1863,0.618,60.226335,42.636,1.29
1864,0.745,74.26538478,64.287,0.57
1865,1.162,83.32713224,52.103,-0.13
1866,1.118,186.9762458,43.984,-1.48
1867,0.944,122.1198987,62.39,0.02
1868,1.016,146.820411,53.635,-0.43
1869,1.041,90.11278986,33.66,0.02
1870,0.989,100.4121892,55.009,0.7
1871,0.777,64.38525729,49.326,0.97
1872,0.733,102.7510895,79.074,-0.51
1873,1.026,125.2525094,50.564,0.42
1874,0.981,91.15624679,40.531,0.6
1875,1.027,104.9026443,66.333,-2.37
1876,0.666,104.1804995,70.764,-0.15
1877,1.07,123.2498603,45.457,0.31
1878,1.062,80.12839348,43.115,0.07
1879,1.045,85.85912051,58.928,-0.82
1880,0.81,105.6297947,85.573,-1.63
1881,0.821,94.35967481,69.45,0.24
1882,0.841,81.05623655,52.554,0.47
1883,0.584,96.55759399,73.282,-1.59
1884,0.666,133.5938407,58.827,-0.93
1885,0.981,148.5205113,46.081,-0.33
1886,1.071,72.57489823,32.201,-0.24
1887,0.823,106.1173596,86.218,-0.28
1888,1.036,84.0981487,39.428,-0.14
1889,0.957,39.06487469,40.952,1.04
1890,0.76,137.6532392,78.408,0.29
1891,1.085,96.33551769,50.154,0.11
1892,1.058,78.66588548,48.525,0.14
1893,0.642,67.41964098,71.852,0.37
1894,1.119,115.0234622,76.166,1.22
1895,0.929,97.67567823,51.53,0.12
1896,0.943,70.59703077,60.707,-0.39
1897,1.139,83.32713224,51.385,1.23
1898,0.889,114.2316462,46.339,0.91
1899,0.671,91.36638364,81.648,-2.4
1900,0.963,73.92416633,35.131,0.86
1901,0.743,79.76023695,37.163,0.82
1902,0.938,66.49460883,75.675,0.64
1903,0.773,96.78018223,58.463,0.56
1904,0.792,109.3418545,35.795,0.25
1905,0.962,86.05704623,31.461,-0.17
1906,0.97,132.9800327,46.457,-0.96
1907,1.207,184.8359464,64.048,-2.22
1908,1.398,147.8381215,23.439,-1.04
1909,1.312,122.1198987,59.215,0.51
1910,1.058,113.1843642,54.05,1.36
1911,1.218,123.2498603,64.413,-0.18
1912,1.432,121.5588088,59.496,-0.47
1913,1.697,189.1413287,53.435,0.04
1914,1.866,181.4623102,33.541,0.92
1915,1.203,90.73742188,62.71,-1
1916,1.533,145.4743534,64.403,-0.33
1917,0.638,123.2498603,58.429,-1.04
1918,1.2,110.3535822,57.283,-0.92
1919,1.152,55.18060217,40.938,1.4
1920,0.824,112.4052085,71.728,-0.33
1921,0.987,109.5939135,56.334,1.28
1922,0.656,88.26457523,57.902,0.66
1923,0.745,118.7917925,32.251,-1.22
1924,0.76,64.23717531,60.42,0.42
1925,0.666,143.8091222,56.596,-0.17
1926,0.826,78.66588548,45.067,0.66
1927,0.951,153.7398438,61.569,-1.87
1928,1.031,131.7608645,47.664,0.17
1929,1.073,107.3461407,46.274,0.92
1930,0.616,81.80624067,56.288,-0.22
1931,1.141,57.78118383,32.492,1.59
1932,1.176,83.51922111,56.658,0.8
1933,0.526,74.26538478,51.508,1.08
1934,0.902,40.25190468,61.305,1.33
1935,0.948,95.67234865,48.954,0.8
1936,0.597,80.3131085,47.154,1
1937,1.091,104.6613749,31.744,1.13
1938,0.939,111.1185167,57.037,0.45
1939,0.908,65.88498259,41.964,1.17
1940,1.008,85.66165002,29.063,1.53
1941,1.172,97.45103041,38.595,-1.12
1942,1.179,124.6770264,45.009,0.32
1943,1.033,110.6079735,65.848,-0.18
1944,1.341,100.8756708,48.406,-0.04
1945,1.29,112.6643293,32.063,-0.59
1946,1.031,91.36638364,62.873,1.28
1947,1.143,145.1397717,62.261,0.81
1948,1.158,96.55759399,46.342,0.65
1949,0.835,104.9026443,55.013,2.01
1950,0.966,139.8899244,61.696,0.17
1951,1.242,125.2525094,55.089,-2.79
1952,0.998,95.01374483,66.702,0.06
1953,0.529,91.99970516,60.167,-0.3
1954,0.949,65.43143356,57.836,-0.35
1955,0.726,64.68244614,58.912,1.12
1956,0.562,101.5749075,67.279,0.55
1957,0.737,113.1843642,39.687,0.61
1958,0.727,81.05623655,58.633,-0.03
1959,0.748,79.94410329,54.48,0.11
1960,0.696,71.74414024,48.839,0.36
1961,0.593,58.31582655,48.339,0.56
1962,0.891,149.8947546,65.333,-0.71
1963,1.043,112.9240474,39.29,0.68
1964,0.94,100.1812475,59.953,-1.85
1965,0.916,142.1629528,67.933,-1.83
1966,1.053,92.85096795,37.621,0.49
1967,1.104,119.8909594,42.808,-0.04
1968,0.846,104.9026443,72.304,-4.57
1969,1.174,91.15624679,46.574,1.1
1970,0.985,102.5147686,58.988,0.94
1971,0.673,102.2789911,72.216,0.62
1972,0.91,103.940891,73.164,-0.57
1973,1.202,97.00328359,33.339,0.05
1974,0.835,107.0992515,77.414,-1.41
1975,1.14,128.4654775,62,-2.48
1976,1.039,102.5147686,51.539,-0.04
1977,0.982,40.15932786,47.112,-0.15
1978,0.714,162.4749588,59.963,-1.08
1979,0.949,104.4206604,51.484,-0.3
1980,1.022,130.2526103,56.924,-1.24
1981,1.156,105.8732965,29.45,0.69
1982,0.889,124.1041875,60.535,-0.3
1983,1.045,127.2876989,58.088,0.63
1984,1.042,125.8306487,41.185,0.01
1985,1.248,87.65696617,59.298,-2.35
1986,1.312,180.2131324,72.747,-0.25
1987,1.511,73.92416633,34.81,0.22
1988,1.207,68.83137346,30.179,2.22
1989,0.66,95.01374483,65.912,-1.4
1990,0.879,92.85096795,46.154,-0.84
1991,0.993,103.940891,48.116,-0.1
1992,0.996,66.03686316,42.98,-0.47
1993,1.308,132.369045,50.744,-3.02
1994,1.434,82.75351229,33.179,0.96
1995,1.424,127.5811274,60.543,-0.29
1996,0.906,119.3401105,68.239,0.61
1997,1.178,137.3366455,66.804,-1.02
1998,1.441,176.5169584,44.632,0.04
1999,1.24,115.8207667,53.686,-0.18
2000,1.114,76.34602594,38.167,1.56
2001,1.133,45.89722576,26.27,0.77
2002,0.895,76.87523131,44.663,-0.38
2003,1.022,76.17043495,43.614,1.32
2004,0.558,86.65356517,48.809,-1.5
2005,0.842,120.7220038,48.416,-0.41
2006,0.869,74.95255392,40.972,0.41
2007,0.889,73.41527595,45.558,0.78
2008,0.725,114.2316462,70.971,-0.59
2009,1.029,133.2865834,53.161,0.14
2010,0.793,78.30444857,53.871,-0.76
2011,0.777,120.4443509,65.189,0.18
2012,0.625,74.95255392,62.186,1.47
2013,0.774,81.43037514,44.737,0.9
2014,0.965,109.0903752,52.841,-0.95
2015,1.035,112.9240474,40.779,1.87
