"year","chron","ppt.jja","tmax.paug","pdsi.poct","tmax.lsum","stream.yel","swe.yel"
736,0.71,,,,,158.0470651,53.64
737,0.744,,,,,107.841628,72.329
738,0.881,,,,,123.5339805,46.211
739,0.944,,,,,44.03382737,53.819
740,0.687,,,,,95.23277413,66.189
741,1.023,,,,,62.05637967,44.306
742,1.399,,,,,137.9705627,26.618
743,1.072,,,,,153.0334734,61.289
744,1.07,,,,,115.8207667,44.121
745,0.798,,,,,83.13548515,78.091
746,1.267,,,,,78.66588548,37.123
747,1.004,,,,,96.11395214,42.918
748,1.061,,,,,109.0903752,37.205
749,1.405,,,,,96.11395214,27.869
750,1.198,,,,,117.7027028,41.212
751,1.381,,,,,78.66588548,33.202
752,1.308,,,,,47.40088339,44.654
753,0.704,,,,,79.94410329,85.544
754,0.575,,,,,46.53571977,97.352
755,0.686,,,,,42.44108084,77.695
756,1.094,,,,,56.98839627,50.878
757,0.864,,,,,75.47210021,51.542
758,1.118,,,,,82.5631845,40.713
759,1.224,,,,,172.896593,33.08
760,0.907,,,,,171.3114676,49.095
761,0.944,,,,,158.7765772,58.689
762,0.914,,,,,51.73523612,56.074
763,0.956,,,,,60.36517104,50.897
764,0.934,,,,,89.49245778,64.324
765,0.986,,,,,102.9879552,63.199
766,1.367,,,,,125.2525094,30.782
767,1.143,,,,,147.4981032,34.645
768,1,,,,,48.84121234,61.921
769,0.893,,,,,119.0656358,65.186
770,0.977,,,,0.51,78.48495896,57.56
771,0.84,,,,0.02,55.18060217,57.965
772,1.087,,,,-1.07,66.64789473,42.246
773,1.148,,,,-0.28,162.4749588,39.474
774,0.93,,,,-0.28,137.02078,51.196
775,0.737,,,,-0.13,93.71010738,66.937
776,0.549,,,,-0.92,95.23277413,77.44
777,0.75,,,,-2.34,87.45536074,74.307
778,0.925,,,,-0.47,102.5147686,52.695
779,1.138,,,,-1.37,202.2024603,36.985
780,1.374,,,,-0.66,222.2216846,22.614
781,1.067,,,,0.39,95.89289619,35.737
782,0.839,,,,-0.84,97.67567823,68.645
783,1.131,,,,-0.43,43.73070064,61.956
784,1.233,,,,-0.66,141.5097734,48.603
785,1.076,,,,-0.92,190.8914318,44.524
786,1.134,,,,-0.21,213.6911004,37.188
787,1.247,,,,0.73,192.6577285,25.192
788,1.086,,,,0.54,74.78016783,55.753
789,0.918,,,,-0.39,145.4743534,75.832
790,0.856,,,,0.43,102.5147686,55.792
791,0.869,,,,0.09,93.92613149,66.227
792,0.903,,,,0.24,82.75351229,50.551
793,0.791,,,,0.21,61.06416678,72.945
794,1.001,,,,1.07,47.72945062,50.641
795,1.175,,,,1.03,78.66588548,45.682
796,1.098,,,,1.25,81.24309047,46.65
797,0.81,,,,0.58,89.49245778,62.554
798,1.447,,,,0.28,138.2886177,27.642
799,1.02,,,,0.13,112.4052085,55.331
800,0.935,,,,0.06,111.1185167,66.671
801,1.068,,,,-0.95,118.7917925,54.193
802,1.149,,,,-0.66,139.2471886,50.456
803,0.935,,,,-1.85,113.7067995,78.271
804,0.959,,,,-0.39,66.801534,43.039
805,0.938,,,,-1.78,140.859595,65.313
806,0.691,,,,-0.28,89.08127729,75.402
807,0.939,,,,-2.08,74.60817822,61.063
808,0.947,,,,-0.43,106.1173596,44.084
809,0.733,,,,-1.55,98.12652868,68.416
810,0.928,,,,-0.54,94.79521928,57.19
811,0.806,,,,0.69,93.71010738,69.948
812,0.889,,,,0.13,74.95255392,58.867
813,0.952,,,,-0.36,109.5939135,60.744
814,0.899,,,,-0.8,82.75351229,53.55
815,0.844,,,,-0.69,92.63741665,56.156
816,0.578,,,,-1.55,163.6011814,83.174
817,0.655,,,,0.92,86.85332227,57.398
818,0.826,,,,-0.28,77.40810495,60.784
819,1.081,,,,0.32,122.6835786,35.336
820,0.934,,,,-1.14,141.18431,65.758
821,0.887,,,,-0.84,94.35967481,57.576
822,0.707,,,,0.95,119.0656358,61.115
823,0.938,,,,-1.14,165.4955938,50.279
824,0.686,,,,0.65,83.32713224,62.651
825,1.316,,,,-0.09,138.2886177,13.629
826,1.122,,,,0.06,112.9240474,35.193
827,0.981,,,,-0.02,117.4319941,43.995
828,1.411,,,,-3.16,87.05353986,19.498
829,1.238,,,,-0.77,74.95255392,46.663
830,1.055,,,,0.21,96.55759399,49.23
831,1.17,,,,-1.25,91.78811171,43.646
832,1.855,,,,0.06,78.48495896,6.311
833,1.32,,,,0.02,118.2459938,41.922
834,0.929,,,,0.47,138.2886177,67.499
835,0.691,,,,-1.63,144.8059595,92.007
836,0.765,,,,-0.32,88.671986,55.744
837,1.014,,,,0.02,91.99970516,41.255
838,1.068,,,,-0.84,59.53692985,41.114
839,0.875,,,,-1.67,53.30726923,47.159
840,1.102,,,,-2,175.3018242,46.423
841,0.766,,,,-1.18,89.9055362,68.457
842,1.229,,,,-1.4,80.49824934,31.588
843,1.37,,,,0.28,106.6071751,27.472
844,0.602,,,,-0.54,92.4243565,87.536
845,0.787,,,,0.28,71.41450586,57.019
846,1.53,,,,-1.1,89.6987592,26.435
847,0.757,,,,0.02,80.68381697,71.973
848,0.993,,,,-1.48,109.0903752,48.124
849,1.004,,,,1.22,78.48495896,48.418
850,1.505,,,,1.89,113.7067995,17.805
851,0.824,,,,1.14,93.27954855,81.288
852,1.047,,,,1.63,109.8465536,49.398
853,0.968,,,,1.22,128.1700151,55.296
854,0.974,,,,-2.71,133.2865834,68.703
855,1.347,,,,0.54,74.09457913,35.316
856,1.1,,,,0.65,135.4523161,32.018
857,1.56,,,,-0.13,96.33551769,29.45
858,1.342,,,,0.58,158.4114012,40.893
859,1.332,,,,0.21,142.4906723,38.953
860,0.766,,,,1.22,83.13548515,78.344
861,0.62,,,,-0.06,76.5220217,95.551
862,0.948,,,,0.88,81.99482353,46.061
863,0.778,,,,0.65,81.05623655,65.627
864,0.913,,,,-1.03,118.5185789,57.001
865,0.68,,,,-0.02,62.63058028,63.339
866,0.862,,,,-1.18,114.4949774,68.127
867,0.74,,,,0.35,67.57505931,71.032
868,0.738,,,,0.02,65.73345134,83.624
869,0.937,,,,0.62,118.2459938,59.279
870,1.069,,,,0.02,88.46804609,40.46
871,0.767,,,,-0.21,110.099776,60.498
872,0.967,,,,0.54,68.51512202,47.75
873,0.761,,,,0.02,50.79096164,70.251
874,0.871,,,,0.39,106.3619854,49.216
875,1.144,,,,1.44,142.8191472,35.144
876,0.92,,,,0.28,87.85903634,62.7
877,1.386,,,,-0.39,132.6741871,34.553
878,1.251,,,,1.37,158.0470651,28.577
879,1.198,,,,0.51,144.472915,57.67
880,1.126,,,,0.92,87.05353986,54.53
881,1.185,,,,0.84,138.6074059,63.139
882,0.798,,,,1.4,58.72005254,75.585
883,0.668,,,,0.77,69.46826231,76.345
884,0.696,,,,0.32,101.5749075,62.548
885,0.919,,,,1.14,109.3418545,57.779
886,0.899,,,,0.58,120.7220038,55.646
887,1.308,,,,2.23,86.05704623,32.291
888,0.894,,,,0.92,141.18431,69.482
889,0.828,,,,0.69,97.45103041,60.103
890,0.596,,,,2.08,63.50185844,75.121
891,0.916,,,,-0.06,98.57946016,45.27
892,1.271,,,,0.88,115.5543863,31.591
893,0.842,,,,0.51,97.90084392,69.459
894,0.977,,,,-0.06,132.0646046,32.892
895,0.69,,,,-0.62,67.10987587,69.065
896,0.998,,,,0.99,164.3563302,40.35
897,1.013,,,,0.13,156.5980809,50.361
898,0.934,,,,-0.73,130.8538291,52.34
899,1.108,,,,0.06,141.5097734,36.611
900,0.989,,,,0.99,113.9689207,56.687
901,0.97,,,,-0.88,126.1207183,59.097
902,1.107,,,,1.29,100.4121892,38.681
903,1.172,,,,-0.77,77.76540453,49.643
904,1.141,,,,0.09,83.90472832,44.597
905,1.048,,,,0.51,88.26457523,47.831
906,1.035,,,,-0.69,125.2525094,55.436
907,0.927,,,,0.54,92.63741665,53.746
908,1.237,,,,-1.1,108.3394024,35.046
909,1.471,,,,-0.77,116.8924431,38.035
910,1.248,,,,-0.95,126.1207183,49.22
911,0.884,,,,-1.22,106.85293,72.114
912,1.084,,,,-1.07,78.12435333,51.841
913,1.174,,,,0.28,56.20648616,47.48
914,0.823,,,,-0.66,104.4206604,66.386
915,0.977,,,,1.18,80.12839348,50.396
916,1.139,,,,-0.69,119.6152178,38.815
917,1.285,,,,-0.24,124.1041875,36.074
918,0.971,,,,-0.47,89.49245778,56.735
919,1.273,,,,-1.33,119.0656358,53.229
920,1.533,,,,-0.13,63.50185844,34.604
921,0.804,,,,-0.24,85.26807048,69.184
922,1.309,,,,0.84,79.39377195,41.763
923,1.577,,,,0.28,86.4542675,33.091
924,0.744,,,,0.17,52.81854525,66.767
925,0.974,,,,1.07,128.4654775,47.487
926,1.019,,,,1.48,111.6314165,49.421
927,0.574,,,,0.62,75.64608137,74.221
928,0.817,,,,-0.39,151.9799984,52.286
929,0.552,,,,-0.62,118.5185789,72.485
930,0.426,,,,-2.6,103.940891,79.307
931,0.686,,,,0.73,92.63741665,49.818
932,1.167,,,,-0.32,90.73742188,36.416
933,0.966,,,,0.35,87.05353986,63.378
934,0.988,,,,0.28,73.07796339,57.971
935,0.919,,,,0.43,102.7510895,58.642
936,1.05,,,,1.66,103.940891,33.732
937,0.859,,,,-1.37,143.4783704,53.199
938,0.453,,,,0.84,108.8394743,77.279
939,0.552,,,,0.02,83.13548515,77.64
940,1.082,,,,0.32,84.0981487,57.219
941,0.705,,,,0.47,116.6235979,61.497
942,0.669,,,,-1.03,73.75414546,74.869
943,0.741,,,,-0.36,112.9240474,54.975
944,0.819,,,,0.02,96.11395214,55.231
945,0.695,,,,-4.7,112.4052085,78.889
946,0.891,,,,-1.74,98.57946016,80.808
947,0.902,,,,-1.4,73.58451564,55.184
948,0.943,,,,-0.17,76.17043495,50.84
949,0.763,,,,0.58,89.28663084,63.983
950,0.704,,,,-0.43,119.6152178,47.904
951,1.151,,,,0.09,102.7510895,16.31
952,1.042,,,,-0.66,126.4114566,42.703
953,1.341,,,,0.47,145.4743534,23.632
954,0.945,,,,-0.13,121.2792313,66.297
955,1.429,,,,0.65,79.94410329,33.188
956,1.336,,,,0.69,97.90084392,41.043
957,0.844,,,,1.22,41.57061366,52.579
958,1.463,,,,0.62,148.8628864,38.125
959,1.459,,,,-0.77,85.66165002,60.202
960,1.671,,,,0.24,51.97403512,42.146
961,1.654,,,,-0.32,68.67306569,38.469
962,1.352,,,,0.77,82.18384112,42.852
963,1.699,,,,-0.47,106.85293,20.321
964,1.755,,,,1.25,102.5147686,26.95
965,0.699,,,,0.95,107.0992515,44.689
966,0.844,,,,1.14,63.7949697,55.098
967,0.567,,,,0.32,106.85293,71.535
968,0.877,,,,0.92,89.6987592,56.083
969,0.753,,,,0.77,84.29201495,49.594
970,0.552,,,,-0.36,122.6835786,77.418
971,0.596,,,,-0.28,69.14908464,67.661
972,0.913,,,,-0.66,154.4494747,39.389
973,1.132,,,,-1.29,151.6304541,22.524
974,1.135,,,,-2.79,133.9018063,50.699
975,1.16,,,,0.09,77.40810495,49.914
976,1.013,,,,-0.88,157.6835669,67.515
977,0.933,,,,-0.47,78.12435333,74.37
978,1.056,,,,-1.33,87.85903634,52.071
979,1.249,,,,-0.99,83.32713224,44.07
980,1.061,,,,-1.37,84.0981487,67.95
981,1.073,,,,-4.1,90.73742188,53.821
982,1.123,,,,0.24,86.25542821,43.714
983,0.72,,,,-1.4,93.27954855,78.498
984,0.972,,,,-0.84,78.12435333,58.923
985,1.054,,,,-1.52,97.45103041,65.292
986,1.174,,,,0.43,115.8207667,24.468
987,1.054,,,,-1.74,120.7220038,44.618
988,1.267,,,,-0.36,95.45230835,31.273
989,0.939,,,,-0.51,96.78018223,59.136
990,0.728,,,,-0.39,109.0903752,95.055
991,1.019,,,,0.24,168.9609861,38.064
992,0.673,,,,-0.24,71.5791333,79.058
993,0.552,,,,-3.01,108.3394024,72.492
994,0.714,,,,-2.08,92.63741665,41.833
995,1.023,,,,0.24,77.05244702,45.761
996,1.082,,,,-1.78,93.92613149,52.789
997,0.987,,,,1.52,58.99109199,49.696
998,0.84,,,,0.47,60.36517104,64.25
999,0.501,,,,-1.14,97.45103041,92.411
1000,0.737,,,,-0.17,117.4319941,61.247
1001,0.895,,,,0.35,145.4743534,55.887
1002,0.882,,,,1.4,112.1466837,54.387
1003,0.633,,,,1.25,78.48495896,78.902
1004,0.958,,,,-0.06,112.4052085,63.733
1005,1.087,,,,-0.77,106.85293,34.015
1006,1.174,,,,0.88,102.043756,42.568
1007,0.997,,,,1.07,92.21178638,44.841
1008,1.143,,,,-0.69,148.5205113,53.571
1009,0.973,,,,-1.48,127.8752323,66.863
1010,1.168,,,,-1.33,91.15624679,45.634
1011,1.094,,,,-1.22,95.45230835,60.22
1012,0.726,,,,-0.73,54.67470337,75.531
1013,1.176,,,,0.47,110.099776,47.317
1014,1.002,,,,-0.69,47.72945062,73.255
1015,1.403,,,,-0.99,69.30848974,40.75
1016,1.281,,,,-0.36,79.94410329,49.865
1017,1.232,,,,-0.73,107.841628,52.735
1018,1.324,,,,1.03,65.13080343,46.546
1019,1.212,,,,-0.39,121.8390308,40.438
1020,0.893,,,,-1.78,107.5935992,63.74
1021,0.683,,,,-0.66,73.92416633,77.335
1022,0.678,,,,-0.02,88.26457523,67.346
1023,0.836,,,,1.29,134.8299693,47.444
1024,1.098,,,,0.95,153.386252,37.127
1025,0.992,,,,-0.36,102.043756,49.845
1026,1.107,,,,1.18,162.4749588,55.555
1027,0.898,,,,-0.02,106.3619854,73.266
1028,0.959,,,,-0.21,100.8756708,59.607
1029,0.86,,,,-0.58,97.45103041,55.363
1030,1.043,,,,0.32,99.72095651,40.371
1031,1.35,,,,1.25,127.8752323,28.998
1032,0.918,,,,-0.43,102.2789911,39.095
1033,0.701,,,,0.51,140.212404,49.387
1034,0.97,,,,-0.36,61.48744336,68.344
1035,0.805,,,,-1.07,63.7949697,71.747
1036,1.195,,,,-0.43,84.29201495,60.38
1037,1.136,,,,0.35,84.87629929,51.414
1038,1.066,,,,-0.06,104.4206604,64.336
1039,0.831,,,,-0.77,93.27954855,66.079
1040,0.781,,,,-0.28,68.04346724,47.88
1041,1.044,,,,0.39,81.99482353,44.649
1042,1.092,,,,-0.21,71.41450586,55.907
1043,1.04,,,,-2.3,77.40810495,54.092
1044,0.975,,,,0.02,137.9705627,60.033
1045,1.104,,,,-0.17,183.5635447,50.786
1046,1.425,,,,1.07,162.1012768,52.187
1047,1.123,,,,0.77,112.4052085,46.647
1048,1.029,,,,0.92,90.73742188,56.178
1049,1.229,,,,-1.82,128.4654775,57.504
1050,0.984,,,,1.52,116.0877611,36.621
1051,1.223,,,,1.4,129.6541539,45.693
1052,1.205,,,,1.4,81.43037514,57.051
1053,0.846,,,,0.43,72.74220065,61.782
1054,0.892,,,,0.47,104.9026443,64.451
1055,0.952,,,,1.89,72.24144687,58.675
1056,0.568,,,,2.38,73.92416633,67.516
1057,0.694,,,,1.85,116.0877611,53.521
1058,1.082,,,,0.62,124.1041875,55.199
1059,0.657,,,,0.92,65.43143356,68.335
1060,0.854,,,,1.74,92.4243565,54.935
1061,0.944,,,,1.33,113.7067995,40.225
1062,0.759,,,,1.93,84.48632812,43.931
1063,0.689,,,,1.03,110.099776,67.324
1064,0.878,,,,0.28,140.859595,65.852
1065,0.787,,,,1.52,113.1843642,53.297
1066,0.864,,,,0.47,105.1444698,49.086
1067,0.665,,,,0.8,83.90472832,83.529
1068,0.892,,,,0.17,57.38342096,53.51
1069,0.598,,,,1.25,57.25144276,76.25
1070,0.475,,,,1.03,66.95552744,87.906
1071,0.599,,,,-0.09,81.24309047,67.155
1072,0.49,,,,1.1,65.13080343,48.587
1073,0.766,,,,0.84,112.1466837,39.849
1074,0.764,,,,0.84,65.28094544,75.636
1075,0.952,,,,1.07,96.33551769,46.038
1076,0.901,,,,0.73,117.161908,57.272
1077,1.15,,,,1.4,114.4949774,52.165
1078,1.017,,,,1.22,86.85332227,60.649
1079,0.987,,,,1.25,126.9949454,51.034
1080,1.393,,,,-1.22,122.4014142,47.111
1081,1.075,,,,1.7,117.161908,27.077
1082,0.905,,,,0.92,102.9879552,60.05
1083,1.387,,,,1.63,118.7917925,50.49
1084,0.933,,,,-0.17,106.1173596,81.386
1085,1.125,,,,-0.84,145.4743534,52.204
1086,1.296,,,,0.13,197.1453035,43.669
1087,1.448,,,,-1.1,193.5469962,29.954
1088,1.173,,,,0.62,149.5500063,46.622
1089,1.33,,,,0.32,109.3418545,43.862
1090,1.298,,,,-0.17,116.3553711,43.164
1091,1.175,,,,0.47,57.11976809,35.885
1092,0.957,,,,-0.39,77.9446723,56.415
1093,1.125,,,,0.02,124.9644366,48.563
1094,1.158,,,,0.51,98.80670928,64.633
1095,0.808,,,,-0.47,85.07195936,62.809
1096,0.972,,,,0.8,80.86981238,53.729
1097,1.181,,,,1.1,64.0894339,47.62
1098,0.959,,,,-0.77,91.36638364,67.807
1099,1.119,,,,0.09,106.3619854,50.92
1100,1.112,,,,0.13,91.99970516,29.011
1101,1.07,,,,-0.43,80.12839348,41.166
1102,0.975,,,,-0.28,80.68381697,51.982
1103,0.877,,,,-0.58,155.8785781,57.857
1104,1.09,,,,0.24,58.58500017,12.028
1105,1.218,,,,0.21,116.0877611,49.023
1106,1.538,,,,-0.06,102.7510895,66.699
1107,1.127,,,,0.35,162.4749588,46.291
1108,0.798,,,,0.8,81.80624067,58.747
1109,0.991,,,,-0.51,95.45230835,68.513
1110,0.941,,,,0.06,120.4443509,33.803
1111,1.119,,,,-1.25,101.8090618,65.379
1112,0.822,,,,-1.18,131.7608645,53.949
1113,1.12,,,,-1.55,143.8091222,40.839
1114,0.981,,,,-0.24,113.1843642,58.091
1115,1.041,,,,-0.95,72.24144687,50.409
1116,1.324,,,,-0.28,114.7589155,21.767
1117,1.212,,,,-1.14,149.5500063,60.346
1118,0.894,,,,-1.52,148.1789236,69.864
1119,0.825,,,,-0.32,105.3868529,60.427
1120,0.709,,,,-0.36,137.9705627,75.131
1121,0.751,,,,-0.99,122.6835786,52.181
1122,1.184,,,,0.24,78.12435333,51.576
1123,0.59,,,,0.35,64.23717531,76.719
1124,0.905,,,,0.77,72.74220065,39.973
1125,0.794,,,,-0.09,121.0002968,68
1126,0.625,,,,-0.39,48.72888067,62.6
1127,0.739,,,,-0.47,77.58654907,76.013
1128,0.975,,,,-0.36,125.5412462,38.481
1129,0.765,,,,-0.88,152.6815062,74.254
1130,0.659,,,,-0.36,80.49824934,61.519
1131,1.012,,,,-0.84,90.11278986,55.966
1132,0.713,,,,-0.24,67.57505931,61.115
1133,0.782,,,,-0.28,91.15624679,53.483
1134,0.805,,,,-1.67,119.8909594,53.798
1135,0.786,,,,-0.73,90.5287316,64.051
1136,0.834,,,,-0.84,117.161908,60.118
1137,0.838,,,,-0.06,98.35273369,60.06
1138,1.284,,,,-1.33,98.12652868,54.697
1139,1.137,,,,-3.31,186.9762458,75.414
1140,1.023,,,,-1.18,117.7027028,62.273
1141,1.381,,,,-0.77,68.83137346,43.749
1142,1.195,,,,-1.29,164.7352106,94.511
1143,1.59,,,,-1.25,137.02078,40.094
1144,1.091,,,,-0.8,174.4963855,53.412
1145,1.143,,,,-0.17,95.45230835,55.58
1146,1.466,,,,-0.13,142.4906723,38.645
1147,1.114,,,,-0.8,103.940891,60.342
1148,1.06,,,,0.8,60.226335,61.949
1149,1.412,,,,0.32,107.841628,52.972
1150,1.007,,,,0.51,70.43466211,72.816
1151,0.761,,,,-1.59,73.75414546,60.164
1152,0.872,,,,0.69,84.68108922,48.702
1153,0.792,,,,-1.18,91.36638364,65.467
1154,0.914,,,,-0.36,109.5939135,50.638
1155,0.827,,,,0.17,105.3868529,51.095
1156,0.773,,,,0.32,62.3428189,54.597
1157,0.658,,,,-0.06,97.67567823,69.029
1158,0.804,,,,-0.28,71.74414024,70.867
1159,0.792,,,,0.21,81.99482353,50.89
1160,0.853,,,,0.17,71.90952757,48.417
1161,0.979,,,,1.14,58.85541625,52.025
1162,1.038,,,,0.95,90.73742188,43.054
1163,1.057,,,,1.59,128.1700151,44.241
1164,1.003,,,,1.22,87.25421899,44.04
1165,1.293,,,,-0.36,117.161908,49.345
1166,0.886,,,,-0.8,82.5631845,56.599
1167,0.926,,,,0.02,91.36638364,48.083
1168,1.31,,,,0.24,106.3619854,36.302
1169,1.015,,,,-0.73,112.6643293,53.087
1170,0.593,,,,0.21,84.29201495,55.294
1171,0.761,,,,-0.09,77.40810495,50.938
1172,0.834,,,,-0.36,84.68108922,57.788
1173,0.922,,,,0.06,96.11395214,43.463
1174,0.686,,,,0.8,61.06416678,53.316
1175,0.7,,,,0.92,93.71010738,57.175
1176,0.929,,,,-1.29,55.94824082,55.629
1177,1.17,,,,0.13,90.5287316,46.971
1178,1.269,,,,-0.39,97.45103041,43.634
1179,0.816,,,,-0.36,85.07195936,49.086
1180,0.642,,,,-0.47,88.46804609,61.899
1181,1.165,,,,-0.02,143.4783704,49.294
1182,1.277,,,,-0.02,162.4749588,53.128
1183,1.287,,,,0.17,102.5147686,28.654
1184,1.204,,,,0.65,113.9689207,41.561
1185,1.035,,,,0.69,75.99524781,72.249
1186,0.977,,,,1.4,108.0902286,42.199
1187,0.679,,,,-0.62,108.3394024,71.811
1188,0.855,,,,-0.47,123.2498603,42.865
1189,0.935,,,,1.25,78.48495896,65.915
1190,1.053,,,,1.48,124.9644366,44.968
1191,0.948,,,,2.04,107.3461407,54.389
1192,1.027,,,,0.77,152.3303485,58.435
1193,0.95,,,,1.82,113.9689207,43.283
1194,0.651,,,,0.47,67.10987587,68.51
1195,0.831,,,,0.39,208.3466086,48.323
1196,1.021,,,,0.24,103.940891,47.109
1197,0.757,,,,-0.99,176.1109807,50.321
1198,1.008,,,,0.28,83.90472832,50.276
1199,0.794,,,,-0.88,83.32713224,41.103
1200,1.127,,,,-1.07,116.8924431,76.18
1201,1.237,,,,-0.21,107.0992515,28.029
1202,1.132,,,,-0.73,153.386252,50.615
1203,1.14,,,,-1.18,68.83137346,51.19
1204,1.092,,,,0.06,171.7063813,53.447
1205,0.738,,,,-0.88,160.9853794,54.215
1206,0.947,,,,-0.8,190.4523937,57.659
1207,1.05,,,,0.24,101.8090618,42.351
1208,1.025,,,,-0.09,101.1082132,60.716
1209,1.071,,,,0.13,129.3559577,57.62
1210,1.263,,,,0.09,68.67306569,44.355
1211,1.194,,,,0.8,113.7067995,12.838
1212,1.063,,,,-0.21,88.26457523,56.447
1213,1.02,,,,1.89,63.21009391,35.201
1214,1.153,,,,-0.06,121.0002968,67.047
1215,0.958,,,,1.25,92.4243565,63.024
1216,1.265,,,,-0.73,159.142595,51.214
1217,1.007,,,,0.88,69.6284032,63.843
1218,0.968,,,,0.02,77.76540453,52.391
1219,1.105,,,,1.14,131.4578229,50.097
1220,0.941,,,,0.13,80.86981238,57.067
1221,1.198,,,,0.21,134.8299693,39.272
1222,0.9,,,,1.07,79.21117135,48.81
1223,0.477,,,,0.69,56.20648616,97.782
1224,1.052,,,,0.54,114.4949774,19.575
1225,0.917,,,,-0.21,156.5980809,57.521
1226,0.732,,,,-1.74,116.8924431,53.833
1227,1.239,,,,-0.54,122.4014142,46.356
1228,1.293,,,,-0.36,121.8390308,37.861
1229,1.233,,,,0.21,64.23717531,73.805
1230,1.229,,,,-0.8,63.35580822,49.098
1231,1.289,,,,0.84,88.46804609,36.482
1232,1.064,,,,-1.4,99.95083705,55.533
1233,0.882,,,,-1.63,94.35967481,61.031
1234,1.089,,,,0.24,69.78891324,69.493
1235,0.652,,,,-0.36,103.225367,50.788
1236,0.781,,,,0.09,115.8207667,43.961
1237,1.323,,,,1.22,67.10987587,27.224
1238,0.802,,,,-0.02,170.1321677,43.538
1239,1.092,,,,0.17,147.158867,27.255
1240,0.996,,,,-1.07,127.8752323,56.162
1241,0.938,,,,0.65,168.5723866,38.324
1242,1.352,,,,0.88,113.1843642,31.276
1243,0.965,,,,-0.13,66.03686316,54.918
1244,0.714,,,,-0.17,66.49460883,79.428
1245,1.152,,,,0.8,70.11104423,46.515
1246,0.86,,,,0.28,99.95083705,58.291
1247,0.662,,,,-0.28,123.2498603,57.79
1248,0.764,,,,-0.69,63.9420323,58.513
1249,0.821,,,,-0.43,67.57505931,52.132
1250,0.902,,,,0.47,81.80624067,31.687
1251,0.625,,,,-0.73,52.57586608,70.979
1252,1.097,,,,0.17,69.78891324,35.487
1253,1.246,,,,-0.43,89.6987592,45.66
1254,0.737,,,,0.17,86.4542675,63.569
1255,0.905,,,,0.28,107.841628,50.343
1256,1.032,,,,0.17,94.57719633,44.251
1257,1.299,,,,0.24,109.8465536,34.194
1258,1.177,,,,0.73,69.14908464,58.796
1259,1.491,,,,-1.33,109.8465536,37.983
1260,1.283,,,,-0.8,111.8887535,38.071
1261,1.001,,,,1.33,77.05244702,68.921
1262,0.883,,,,0.73,81.80624067,59.829
1263,1.421,,,,0.95,50.79096164,39.078
1264,0.922,,,,0.62,78.12435333,65.721
1265,0.515,,,,-0.36,139.5681865,70.77
1266,1.093,,,,-0.24,153.386252,43.53
1267,1.022,,,,-0.13,115.8207667,53.661
1268,1.055,,,,0.21,95.67234865,44.75
1269,0.829,,,,-1.78,90.11278986,59.007
1270,0.864,,,,-0.32,70.75977374,54.056
1271,1.017,,,,0.02,118.5185789,41.238
1272,0.849,,,,-0.84,93.06501154,64.744
1273,0.597,,,,-0.92,102.9879552,63.617
1274,0.733,,,,-0.02,62.91966991,62.345
1275,0.686,,,,-0.77,65.88498259,60.07
1276,1.134,,,,-0.36,78.12435333,45.229
1277,0.874,,,,-1.7,147.4981032,59.263
1278,0.744,,,,0.32,68.04346724,74.137
1279,1.09,,,,0.95,62.1994344,58.905
1280,0.802,,,,-0.17,101.5749075,67.327
1281,0.945,,,,-1.55,119.3401105,55.319
1282,1.208,,,,0.43,195.7881648,28.201
1283,0.885,,,,-0.06,98.80670928,54.164
1284,0.992,,,,-2.64,153.0334734,51.799
1285,1.072,,,,-0.32,91.15624679,56.727
1286,1.039,,,,-0.99,153.0334734,47.275
1287,1.064,,,,-2.83,128.1700151,63.962
1288,0.98,,,,0.02,65.43143356,60.769
1289,0.84,,,,-1.59,111.8887535,53.886
1290,0.833,,,,-0.24,150.5866374,54.32
1291,1.098,,,,-0.17,124.9644366,60.923
1292,0.692,,,,-0.09,102.2789911,62.306
1293,1.122,,,,-1.4,189.5773445,45.44
1294,0.963,,,,-2.15,98.80670928,59.111
1295,1.472,,,,-0.09,85.46463369,24.243
1296,0.852,,,,0.77,75.47210021,74.32
1297,1.195,,,,-0.09,100.4121892,46.172
1298,1.421,,,,-1.44,161.7284542,38.743
1299,1.395,,,,1.59,134.8299693,28.661
1300,1.175,,,,0.21,97.90084392,63.537
1301,0.783,,,,0.06,62.48653394,54.391
1302,1.137,,,,-1.03,94.57719633,43.88
1303,0.824,,,,0.73,112.4052085,51.064
1304,0.582,,,,0.8,54.17344268,85.718
1305,0.823,,,,0.77,113.1843642,56.455
1306,0.901,,,,1.37,51.61624838,48.51
1307,0.721,,,,0.02,52.09384764,70.644
1308,0.903,,,,0.99,118.5185789,24.285
1309,1.054,,,,0.17,77.05244702,44.084
1310,0.932,,,,0.02,118.2459938,48.064
1311,1.22,,,,0.13,104.1804995,39.257
1312,0.817,,,,0.21,142.8191472,57.524
1313,1.135,,,,0.95,93.71010738,23.507
1314,1.236,,,,1.63,142.1629528,40.411
1315,1.104,,,,0.43,154.4494747,62.195
1316,1.054,,,,1.48,90.94659324,57.732
1317,0.678,,,,0.54,35.79203863,76.572
1318,0.527,,,,0.21,111.1185167,56.135
1319,1.121,,,,0.99,76.87523131,51.577
1320,0.959,,,,1.25,83.32713224,41.024
1321,0.919,,,,-2.71,94.79521928,57.637
1322,1.05,,,,-0.02,107.5935992,22.897
1323,0.652,,,,-0.06,103.940891,70.682
1324,0.657,,,,-0.28,57.38342096,51.893
1325,1.145,,,,1.07,126.1207183,33.18
1326,0.938,,,,-0.39,195.3378645,43.85
1327,0.869,,,,0.39,89.28663084,64.859
1328,1.121,,,,0.88,91.57700491,43.657
1329,0.839,,,,-3.31,101.3412917,41.475
1330,0.837,,,,-2.53,139.2471886,73.567
1331,1.143,,,,-1.67,189.5773445,30.714
1332,1.337,,,,-0.54,165.1149645,53.894
1333,1.418,,,,-1.1,145.1397717,24.234
1334,1.227,,,,-0.62,81.24309047,64.525
1335,1.205,,,,-1.22,121.8390308,46.133
1336,1.073,,,,0.8,77.23007125,75.193
1337,0.7,,,,0.88,60.50432713,61.92
1338,1.028,,,,-0.24,146.820411,52.141
1339,0.965,,,,0.43,118.7917925,40.531
1340,1.035,,,,1.48,104.1804995,54.567
1341,0.948,,,,-1.4,119.8909594,49.879
1342,0.849,,,,-1.18,92.4243565,57.683
1343,1.175,,,,-0.28,124.9644366,40.184
1344,0.949,,,,0.69,73.75414546,77.486
1345,1.037,,,,-0.66,145.4743534,40.532
1346,0.934,,,,-0.28,106.1173596,50.79
1347,1.164,,,,-1.55,132.9800327,50.242
1348,0.787,,,,0.17,76.69842318,74.722
1349,0.862,,,,-1.52,115.5543863,54.505
1350,1.136,,,,-0.06,72.4079806,42.421
1351,1.202,,,,-1.48,110.3535822,54.523
1352,0.657,,,,0.88,81.43037514,51.307
1353,1.066,,,,-0.51,85.07195936,56.204
1354,0.661,,,,-0.02,89.9055362,61.027
1355,0.842,,,,0.43,104.4206604,53.886
1356,0.838,,,,0.84,133.9018063,44.109
1357,0.915,,,,-0.43,129.3559577,69.891
1358,0.831,,,,0.73,119.8909594,52.436
1359,0.946,,,,-2.23,83.90472832,54.258
1360,1.099,,,,0.84,71.90952757,60.101
1361,1.252,,,,-0.06,51.37909326,51.548
1362,1.054,,,,0.32,130.2526103,58.851
1363,0.862,,,,-0.95,79.76023695,61.662
1364,0.924,,,,0.24,123.5339805,59.811
1365,0.924,,,,0.69,125.5412462,58.367
1366,0.766,,,,-1.96,99.26278033,65.761
1367,0.812,,,,0.28,131.1554783,55.438
1368,1,,,,0.32,98.12652868,32.591
1369,0.993,,,,-2.75,56.72655837,64.291
1370,1.031,,,,0.28,107.5935992,34.504
1371,0.878,,,,-0.36,113.4452811,54.079
1372,0.938,,,,0.62,92.85096795,54.396
1373,1.189,,,,-0.8,83.13548515,52.101
1374,0.996,,,,-0.99,97.45103041,49.559
1375,1.371,,,,0.28,70.27266688,54.262
1376,1.069,,,,-3.24,101.5749075,66.365
1377,1.109,,,,0.09,116.8924431,46.182
1378,0.994,,,,0.09,120.7220038,58.224
1379,0.974,,,,1.03,89.08127729,51.402
1380,0.862,,,,0.51,63.50185844,75.761
1381,0.961,,,,1.07,79.21117135,54.383
1382,0.754,,,,-0.24,74.43658417,72.944
1383,0.821,,,,-2.26,173.2951609,64.493
1384,0.964,,,,-0.21,205.487986,43.922
1385,0.973,,,,0.09,155.5200673,46.71
1386,0.937,,,,-0.13,146.820411,48.164
1387,1.037,,,,0.13,89.6987592,57.206
1388,0.921,,,,0.39,102.2789911,65.084
1389,0.795,,,,-1.89,108.8394743,47.984
1390,1.116,,,,-0.02,145.1397717,58.255
1391,1.216,,,,-0.21,98.35273369,23.284
1392,0.856,,,,0.47,120.7220038,63.423
1393,0.758,,,,-0.84,82.18384112,61.866
1394,1.33,,,,-0.02,147.158867,34.28
1395,1.072,,,,-0.95,117.161908,49.119
1396,0.921,,,,0.17,75.1253374,48.186
1397,1.256,,,,0.54,79.94410329,44.637
1398,0.766,,,,0.24,67.88697161,79.205
1399,1.013,,,,0.28,86.65356517,72.835
1400,1.006,,,,1.33,73.58451564,41.103
1401,0.757,,,,-0.21,83.13548515,74.642
1402,1.275,,,,0.8,150.2402977,39.821
1403,1.232,,,,-2.53,111.1185167,49.401
1404,1.199,,,,0.8,137.9705627,34.156
1405,0.675,,,,-0.39,179.3851283,87.275
1406,1.097,,,,0.73,111.3746714,32.815
1407,0.759,,,,1.7,84.87629929,77.478
1408,0.727,,,,-0.77,104.6613749,63.305
1409,1.048,,,,0.39,96.78018223,48.203
1410,1.106,,,,0.32,71.08638601,48.925
1411,1.126,,,,-0.62,145.4743534,43.069
1412,1.15,,,,0.65,97.90084392,48.062
1413,0.852,,,,0.24,66.03686316,54.421
1414,1.093,,,,-0.06,128.761621,58.958
1415,0.903,,,,-0.47,102.7510895,55.965
1416,1.111,,,,0.95,107.0992515,52.55
1417,0.663,,,,0.8,83.32713224,81.082
1418,1.17,,,,-0.54,130.8538291,30.522
1419,0.804,,,,0.43,147.158867,59.852
1420,1.111,,,,-4.58,209.7907983,49.552
1421,0.928,,,,-0.21,145.4743534,52.167
1422,1.132,,,,-0.39,86.25542821,41.121
1423,0.862,,,,0.43,77.40810495,78.152
1424,1.277,,,,0.13,165.8771006,34.89
1425,1.13,,,,-0.88,137.02078,43.409
1426,0.785,,,,0.17,72.24144687,56.774
1427,1.129,,,,0.51,93.71010738,55.398
1428,1.328,,,,0.17,86.25542821,43.966
1429,0.933,,,,-1.14,97.90084392,92.038
1430,0.915,,,,0.54,84.29201495,43.458
1431,1.402,,,,-0.43,119.0656358,38.712
1432,1.15,,,,0.88,79.39377195,46.97
1433,1.226,,,,0.13,73.92416633,60.454
1434,0.934,,,,-0.39,57.38342096,64.251
1435,1.228,,,,-0.58,64.38525729,66.477
1436,1.084,,,,0.21,74.78016783,59.439
1437,0.602,,,,-0.02,51.61624838,84.464
1438,0.594,,,,-3.8,79.94410329,68.349
1439,0.939,,,,0.8,86.85332227,50.439
1440,0.824,,,,-0.69,124.3902772,48.967
1441,0.936,,,,-1.96,119.3401105,63.985
1442,0.827,,,,0.62,94.79521928,60
1443,0.951,,,,-2.08,148.8628864,50.483
1444,0.822,,,,1.07,72.57489823,65.764
1445,0.977,,,,-0.88,122.1198987,49.304
1446,0.861,,,,1.18,86.4542675,58.535
1447,0.691,,,,-0.92,94.79521928,69.222
1448,0.788,,,,0.43,89.28663084,65.625
1449,1.043,,,,-2.38,93.27954855,55.995
1450,1.03,,,,-1.03,90.73742188,63.669
1451,0.975,,,,-0.39,103.225367,45.084
1452,0.898,,,,0.02,158.7765772,61.681
1453,1.118,,,,-1.55,106.1173596,28.608
1454,0.952,,,,-0.92,105.3868529,53.882
1455,1.114,,,,-1.52,119.8909594,36.322
1456,1.154,,,,-3.16,77.23007125,49.743
1457,1.289,,,,-2.68,151.6304541,47.583
1458,0.845,,,,0.84,63.21009391,59.363
1459,0.901,,,,-0.43,73.58451564,50.541
1460,1.5,,,,1.1,58.85541625,76.051
1461,0.758,,,,-0.88,70.43466211,67.112
1462,0.894,,,,-0.51,161.7284542,54.105
1463,0.81,,,,-2.41,178.1502497,53.072
1464,0.817,,,,-0.69,145.4743534,59.496
1465,0.959,,,,-2.38,124.6770264,48.084
1466,0.711,,,,-0.99,104.4206604,76.64
1467,0.976,,,,0.58,135.1407844,45.814
1468,0.883,,,,-0.28,89.28663084,63.045
1469,1.266,,,,0.95,79.76023695,54.323
1470,0.834,,,,-0.62,79.5767935,57.085
1471,1.077,,,,0.69,82.18384112,70.132
1472,0.963,,,,-0.69,111.8887535,53.132
1473,1.323,,,,1.52,122.9663934,37.159
1474,0.623,,,,0.88,58.99109199,79.249
1475,0.726,,,,1.66,37.65186003,82.229
1476,1.19,,,,0.62,76.17043495,34.953
1477,0.74,,,,0.58,127.2876989,57.228
1478,1.063,,,,0.47,156.2379153,36.305
1479,0.778,,,,0.47,78.30444857,52.284
1480,0.957,,,,1.14,171.7063813,44.912
1481,0.69,,,,-0.47,121.0002968,52.439
1482,0.791,,,,0.47,100.8756708,64.597
1483,0.98,,,,-1.1,82.94427884,76.725
1484,1.175,,,,-0.88,227.9220989,34.722
1485,1.235,,,,-0.09,87.45536074,42.124
1486,1.02,,,,-0.21,165.8771006,41.987
1487,1.089,,,,-0.02,142.8191472,58.996
1488,0.835,,,,0.51,99.72095651,65.128
1489,1.013,,,,1.4,105.3868529,56.232
1490,0.867,,,,-0.73,137.02078,64.772
1491,1.189,,,,0.65,119.6152178,51.012
1492,0.944,,,,1.55,78.12435333,46.924
1493,0.748,,,,0.28,90.3205213,62.987
1494,0.969,,,,-0.09,112.1466837,60.659
1495,0.906,,,,0.43,74.26538478,71.51
1496,0.974,,,,-0.06,90.5287316,45.734
1497,0.923,,,,0.43,97.22689926,56.727
1498,0.862,,,,-0.17,118.7917925,60.716
1499,0.862,,,,0.17,59.2633825,50.091
1500,1.018,,,,0.02,67.73083591,58.677
1501,0.897,,,,1.1,63.50185844,38.29
1502,0.822,,,,0.73,115.2886186,55.213
1503,1.054,,,,0.43,87.65696617,43.12
1504,0.911,,,,1.4,147.4981032,45.215
1505,0.619,,,,0.32,54.92707034,71.887
1506,1.268,,,,1.03,63.35580822,21.451
1507,0.747,,,,0.39,143.1483793,53.432
1508,1.131,,,,1.4,131.7608645,44.622
1509,1.021,,,,-0.32,155.5200673,34.227
1510,1.262,,,,1.14,81.99482353,37.446
1511,0.97,,,,1.52,75.1253374,55.913
1512,0.924,,,,1.18,101.8090618,64.663
1513,1.009,,,,1.44,50.67414567,51.731
1514,1.216,,,,-0.54,139.2471886,54.459
1515,0.859,,,,1.1,70.75977374,48.297
1516,1.272,,,,-0.06,82.37329444,30.482
1517,1.148,,,,0.43,99.26278033,34.915
1518,0.919,,,,0.65,54.17344268,64.878
1519,0.858,,,,0.28,121.0002968,54.814
1520,0.956,,,,0.88,52.69706597,45.489
1521,1.323,,,,0.58,115.0234622,21.824
1522,0.845,,,,0.32,117.4319941,66.154
1523,0.957,,,,1.18,160.6151233,44.144
1524,0.874,,,,-1.03,199.8878679,57.782
1525,1.298,,,,1.55,201.2734244,31.917
1526,0.961,,,,0.24,116.6235979,53.909
1527,1.103,,,,1.29,93.92613149,37.349
1528,1.113,,,,0.54,93.27954855,58.608
1529,1.293,,,,0.88,48.5049918,50.56
1530,0.782,,,,1.25,94.35967481,51.249
1531,1.202,,,,1.33,105.8732965,41.805
1532,0.69,,,,1.22,40.81186445,61.036
1533,0.477,,,,0.77,55.3078066,74.603
1534,0.705,,,,1.4,67.41964098,61.008
1535,0.971,,,,0.58,107.841628,29.049
1536,0.946,,,,-1.22,163.6011814,63.884
1537,0.919,,,,-1.89,160.2457188,65.8
1538,0.837,,,,-0.54,136.3912267,84.237
1539,1.121,,,,-0.58,130.2526103,52.983
1540,0.795,,,,-0.39,74.43658417,55.616
1541,0.846,,,,0.39,85.46463369,66.048
1542,0.821,,,,0.47,84.0981487,63.572
1543,0.906,,,,1.14,49.40676693,66.244
1544,0.888,,,,0.17,95.67234865,58.728
1545,1.158,,,,-0.17,65.88498259,35.753
1546,1.061,,,,-1.22,105.1444698,49.36
1547,0.943,,,,0.17,57.11976809,59.378
1548,1.187,,,,0.69,95.89289619,38.71
1549,0.993,,,,0.47,139.2471886,56.613
1550,1.135,,,,1.55,141.8359871,49.449
1551,0.879,,,,1.33,135.4523161,59.084
1552,1.013,,,,0.58,131.7608645,45.671
1553,1.139,,,,0.32,136.3912267,47.424
1554,1.102,,,,1.55,90.3205213,51.934
1555,1.276,,,,1.1,117.161908,40.341
1556,1.155,,,,0.28,116.3553711,52.87
1557,0.952,,,,-0.77,145.4743534,56.98
1558,1.519,,,,0.58,187.8392889,29.621
1559,1.107,,,,0.28,99.95083705,78.394
1560,1.214,,,,-0.54,117.9740355,42.282
1561,0.75,,,,2.04,116.8924431,64.459
1562,1.261,,,,1.48,108.3394024,43.976
1563,0.698,,,,0.99,85.85912051,65.886
1564,1.105,,,,0.77,200.348657,34.123
1565,0.883,,,,1.03,124.1041875,63.074
1566,0.928,,,,-0.28,128.761621,40.64
1567,0.956,,,,0.24,107.841628,54.906
1568,1.102,,,,0.8,102.7510895,40.789
1569,1.157,,,,1.7,95.01374483,60.544
1570,0.948,,,,1.1,90.5287316,39.88
1571,0.83,,,,1.63,93.06501154,61.208
1572,0.778,,,,0.95,82.94427884,52.762
1573,0.698,,,,1.33,115.2886186,45.8
1574,0.77,,,,0.09,72.07529615,53.761
1575,0.954,,,,0.39,89.49245778,49.506
1576,0.723,,,,0.62,77.76540453,52.194
1577,0.924,,,,-0.24,174.4963855,44.705
1578,0.936,,,,0.21,98.57946016,65.877
1579,0.935,,,,0.43,87.05353986,52.812
1580,0.833,,,,0.95,39.79114493,64.212
1581,0.773,,,,0.77,102.9879552,65.925
1582,1.017,,,,0.47,113.4452811,60.292
1583,1.172,,,,-0.02,116.0877611,30.395
1584,1.135,,,,0.8,56.20648616,38.004
1585,1.095,,,,-0.66,54.42349593,65.446
1586,1.319,,,,1.55,102.9879552,46.602
1587,0.921,,,,-0.88,97.00328359,71.814
1588,1.188,,,,0.69,86.65356517,32.484
1589,1.096,,,,0.54,112.9240474,50.473
1590,0.906,,,,1.52,73.58451564,60.902
1591,0.96,,,,0.95,86.65356517,52.622
1592,0.917,,,,1.14,65.28094544,47.811
1593,0.608,,,,1.03,66.03686316,62.876
1594,0.773,,,,0.58,101.3412917,67.538
1595,0.78,,,,0.02,71.25025706,47.091
1596,1.007,,,,-1.25,147.158867,59.464
1597,0.994,,,,0.21,123.8187558,32.403
1598,0.882,,,,1.48,57.91438322,45.229
1599,0.816,,,,0.06,119.3401105,63.337
1600,0.902,,,,0.54,49.74923828,45.364
1601,1.131,,,,-0.62,132.0646046,78.425
1602,1.04,,,,0.28,121.8390308,41.994
1603,0.89,,,,1.25,94.79521928,34.047
1604,0.877,,,,-0.66,132.0646046,73.946
1605,0.794,,,,1.74,111.3746714,50.781
1606,0.873,,,,0.62,114.2316462,65.212
1607,0.749,,,,1.44,67.26458011,54.488
1608,0.852,,,,0.47,107.3461407,45.625
1609,0.995,,,,-0.02,179.7986537,54.595
1610,1.045,,,,0.99,123.2498603,64.851
1611,1.103,,,,0.13,183.9867024,38.511
1612,0.763,,,,0.8,97.67567823,71.816
1613,1.061,,,,1.03,124.3902772,47.385
1614,0.704,,,,1.59,110.099776,52.888
1615,1.033,,,,0.54,138.2886177,62.307
1616,0.835,,,,0.77,144.8059595,49.868
1617,1.073,,,,0.95,208.8268971,33.37
1618,0.841,,,,0.99,90.94659324,75.525
1619,1.304,,,,1.22,120.1673366,6.563
1620,1.075,,,,1.03,84.87629929,48.693
1621,1.301,,,,-1.93,206.4364754,43.469
1622,1.42,,,,1.14,135.4523161,48.809
1623,1.013,,,,0.32,120.4443509,38.654
1624,1.336,,,,-0.32,158.4114012,64.066
1625,1.187,,,,0.58,163.6011814,54.903
1626,1.024,,,,0.28,57.25144276,68.593
1627,0.98,,,,0.21,63.21009391,84.474
1628,1.453,,,,0.02,145.4743534,44.472
1629,1.139,,,,-0.36,84.68108922,61.335
1630,0.889,,,,0.58,68.04346724,66.669
1631,1.226,,,,1.29,57.25144276,55.846
1632,0.511,,,,1.25,32.86899577,70.925
1633,1.098,,,,-0.09,217.1633015,38.082
1634,1.056,,,,1.25,105.3868529,40.198
1635,0.768,,,,1.18,68.99004616,56.969
1636,0.958,,,,0.51,92.21178638,32.193
1637,0.662,,,,-0.24,70.59703077,72.094
1638,0.956,,,,0.28,88.671986,37.027
1639,0.956,,,,0.95,65.58226859,51.246
1640,1.139,,,,0.24,165.8771006,47.342
1641,1.041,,,,-2.04,148.1789236,86.368
1642,1.062,,,,-0.58,122.6835786,57.801
1643,1.139,,,,-0.32,97.90084392,50.767
1644,0.919,,,,-0.66,83.32713224,54.149
1645,1.304,,,,0.84,55.691182,50.576
1646,0.998,,,,0.77,44.64639893,55.786
1647,0.743,,,,1.85,98.57946016,45.492
1648,1.071,,,,-0.24,75.64608137,61.46
1649,1.098,,,,1.4,75.64608137,41.636
1650,0.643,,,,1.33,132.369045,58.583
1651,0.92,,,,1.18,104.4206604,38.841
1652,1.023,,,,1.59,62.3428189,42.849
1653,1.114,,,,0.51,72.74220065,43.657
1654,0.706,,,,0.62,123.8187558,62.496
1655,1.007,,,,0.13,105.6297947,49.577
1656,0.858,,,,0.58,79.02899071,48.22
1657,0.907,,,,0.73,45.16337987,58.142
1658,0.849,,,,0.88,74.78016783,53.684
1659,0.975,,,,0.43,64.83155457,36.737
1660,0.894,,,,-1.55,89.08127729,52.253
1661,1.099,,,,0.69,94.79521928,41.913
1662,1.111,,,,-0.92,103.7018336,57.18
1663,0.847,,,,-1.1,91.78811171,90.536
1664,1.019,,,,-0.43,105.3868529,51.421
1665,0.786,,,,-1.18,82.94427884,56.167
1666,1.201,,,,-0.43,144.1406365,51.708
1667,0.975,,,,-0.13,69.30848974,69.604
1668,0.878,,,,-0.32,105.3868529,51.063
1669,0.973,,,,-1.89,94.14265358,67.806
1670,1.096,,,,0.24,101.1082132,53.616
1671,0.933,,,,-0.13,70.43466211,59.613
1672,0.607,,,,-0.24,126.1207183,70.574
1673,1.159,,,,-1.03,120.7220038,53.241
1674,0.955,,,,-0.92,138.6074059,63.365
1675,1.041,,,,0.69,121.2792313,41.175
1676,1.275,,,,-1.14,217.1633015,48.908
1677,1.072,,,,0.88,95.45230835,46.404
1678,1.052,,,,-0.54,71.90952757,52.728
1679,1.062,,,,0.51,97.00328359,55.847
1680,1.082,,,,1.07,149.2060508,57.174
1681,0.806,,,,0.8,74.43658417,69.544
1682,1.021,,,,0.17,107.5935992,56.397
1683,1.153,,,,-0.13,138.926929,50.43
1684,1.156,,,,0.73,136.705641,44.226
1685,1.132,,,,-0.54,92.4243565,51.842
1686,0.905,,,,-0.28,71.74414024,61.418
1687,0.948,,,,0.09,165.8771006,52.272
1688,0.784,,,,-0.92,119.6152178,63.225
1689,1.429,,,,0.99,95.89289619,31.669
1690,1.118,,,,0.99,82.5631845,52.079
1691,0.794,,,,0.51,132.0646046,59.364
1692,0.949,,,,-0.73,158.7765772,63.678
1693,0.661,,,,-0.06,105.1444698,70.805
1694,1.114,,,,-0.36,147.8381215,46.615
1695,1.138,,,,-0.88,53.30726923,56.005
1696,0.543,,,,0.62,93.92613149,69.745
1697,0.712,,,,-0.28,96.11395214,60.215
1698,1.033,,,,-2.75,90.73742188,61.643
1699,0.919,,,,-0.73,135.4523161,67.037
1700,0.856,,,,-0.39,171.7063813,61.069
1701,1.152,,,,-0.32,132.6741871,43.273
1702,1.02,,,,-1.33,139.8899244,65.172
1703,1.116,,,,-0.73,64.38525729,67.464
1704,0.72,,,,-1.37,63.06471472,63.64
1705,1.124,,,,-0.58,124.6770264,53.201
1706,0.911,,,,-0.51,79.94410329,56.374
1707,0.734,,,,-0.77,83.32713224,67.139
1708,0.684,,,,-0.73,57.78118383,76.208
1709,1.146,,,,-0.09,106.1173596,52.004
1710,0.929,,,,0.65,70.43466211,56.349
1711,0.846,,,,0.35,80.68381697,66.183
1712,1.375,,,,0.09,73.2464255,36.959
1713,0.91,,,,-0.13,102.2789911,63.684
1714,1.305,,,,-0.92,109.5939135,51.746
1715,1.351,,,,-0.54,97.45103041,58.657
1716,1.174,,,,-0.51,107.3461407,47.479
1717,1.142,,,,0.62,58.58500017,58.984
1718,0.789,,,,0.99,65.73345134,53.327
1719,1.046,,,,0.47,115.2886186,58.736
1720,1.177,,,,0.69,139.5681865,47.972
1721,0.674,,,,1.59,44.74931951,58.654
1722,0.689,,,,1.14,84.29201495,57.78
1723,1.06,,,,0.13,134.8299693,56.694
1724,0.988,,,,1.48,101.3412917,42.233
1725,0.832,,,,-2.64,117.4319941,90.642
1726,0.952,,,,0.13,194.8885999,68.386
1727,0.923,,,,-2.79,173.6946475,89.688
1728,0.831,,,,0.77,140.859595,43.844
1729,0.998,,,,1.33,51.37909326,33.161
1730,0.948,,,,0.73,118.5185789,43.792
1731,0.821,,,,0.39,105.3868529,49.772
1732,0.859,,,,0.39,95.45230835,51.266
1733,1.202,,,,-0.73,175.3018242,46.781
1734,1.246,,,,-0.62,116.0877611,57.072
1735,1.02,,,,-0.02,56.20648616,59.066
1736,1.004,,,,-1.18,83.7117528,63.911
1737,1.217,,,,-0.06,104.1804995,43.284
1738,1.006,,,,-0.92,77.58654907,48.502
1739,0.655,,,,0.8,88.87639604,45.34
1740,1.014,,,,-0.43,82.37329444,78.751
1741,1.243,,,,0.47,114.7589155,45.04
1742,0.943,,,,1.22,93.92613149,75.558
1743,0.923,,,,0.69,83.90472832,49.709
1744,0.499,,,,0.92,56.20648616,58.262
1745,1.059,,,,-0.13,130.5528736,44.931
1746,0.938,,,,-0.99,209.7907983,46.34
1747,1.052,,,,-0.58,149.5500063,35.397
1748,1.173,,,,0.06,103.940891,43.734
1749,1.215,,,,-0.02,115.8207667,35.999
1750,1.197,,,,-1.33,122.9663934,32.376
1751,1.137,,,,1.18,115.2886186,50.019
1752,0.999,,,,-0.36,100.4121892,71.112
1753,0.76,,,,0.28,85.26807048,62.525
1754,0.867,,,,0.65,88.26457523,77.747
1755,1.129,,,,-1.48,81.24309047,33.939
1756,0.859,,,,1.59,41.28444357,23.218
1757,1.058,,,,0.92,86.4542675,58.922
1758,0.949,,,,-0.39,91.99970516,46.792
1759,1.339,,,,0.65,69.9497933,29.753
1760,1.02,,,,-0.2,89.08127729,39.97
1761,1.215,,,,-0.07,142.1629528,45.328
1762,0.807,,,,0.69,99.26278033,41.775
1763,1.181,,,,-1.44,91.99970516,54.584
1764,0.963,,,,-0.72,122.6835786,45.918
1765,0.835,,,,0.36,75.82046359,45.214
1766,0.823,,,,0.1,159.5094566,68.028
1767,1.12,,,,-0.72,185.2620373,62.626
1768,0.875,,,,-0.03,150.9337754,39.134
1769,0.881,,,,-0.64,110.6079735,64.63
1770,0.952,,,,0.53,74.78016783,50.235
1771,0.778,,,,0.21,114.2316462,45.174
1772,1.077,,,,0.39,86.65356517,56.532
1773,0.805,,,,1.31,103.940891,33.479
1774,0.928,,,,1.08,91.57700491,40.819
1775,0.955,,,,-0.57,163.2249091,86.926
1776,1.238,,,,1.29,126.1207183,23.231
1777,1.234,,,,-0.34,86.4542675,32.242
1778,1.114,,,,0.79,92.4243565,58.527
1779,0.906,,,,-1.82,110.6079735,76.294
1780,1.101,,,,-0.17,101.8090618,37.874
1781,1.007,,,,-1.19,82.37329444,86.553
1782,0.55,,,,-0.69,53.92453832,46.72
1783,0.843,,,,0.15,68.04346724,50.854
1784,0.674,,,,0.63,104.6613749,54.261
1785,0.825,,,,-0.13,92.63741665,62.416
1786,1.055,,,,0.61,105.6297947,43.977
1787,1.144,,,,-2.51,122.1198987,60.584
1788,1.247,,,,0.52,94.79521928,25.89
1789,1.262,,,,-0.71,145.1397717,65.644
1790,0.97,,,,0,127.2876989,60.209
1791,0.922,,,,-0.73,122.1198987,43.535
1792,1.408,,,,0.07,154.0942508,21.124
1793,0.816,,,,0.4,69.6284032,59.316
1794,1.177,,,,1.56,74.43658417,31.269
1795,1.046,,,,1.33,50.09408352,45.213
1796,0.948,,,,0.43,122.4014142,52.337
1797,0.717,,,,-1,104.6613749,63.89
1798,1.097,,,,0.38,64.23717531,40.519
1799,0.846,,,,0.77,141.8359871,52.064
1800,1.109,,,,1.14,40.62435096,41.202
1801,1.052,,,,-0.55,113.1843642,63.488
1802,1.028,,,,1.68,120.4443509,31.207
1803,1.047,,,,-0.12,106.6071751,61.883
1804,0.996,,,,0.31,77.9446723,47.416
1805,1.024,,,,0.15,102.043756,53.754
1806,0.835,,,,-0.13,71.5791333,94.749
1807,0.834,,,,0.19,73.75414546,48.156
1808,0.87,,,,0.89,74.60817822,49.391
1809,0.803,,,,-1.21,106.1173596,79.847
1810,1.081,,,,-1.69,162.4749588,76.066
1811,1.189,,,,-0.76,163.6011814,57.607
1812,0.823,,,,0.59,90.11278986,41.056
1813,0.953,,,,-0.41,98.35273369,58.175
1814,0.883,,,,0.27,63.7949697,43.111
1815,0.926,,,,-0.75,110.6079735,60.78
1816,1,,,,0.75,86.25542821,35.14
1817,1.146,,,,0.64,96.33551769,44.69
1818,1.057,,,,0.39,82.5631845,66.079
1819,0.95,,,,-0.1,105.6297947,58.632
1820,0.988,,,,-0.46,138.6074059,47.939
1821,1.202,,,,0.48,126.4114566,52.955
1822,0.796,,,,-0.83,62.77495868,52.847
1823,0.755,,,,0.32,97.67567823,37.461
1824,0.911,,,,0.03,77.9446723,75.724
1825,0.877,,,,0.45,99.72095651,47.888
1826,1.062,,,,-0.12,132.6741871,52.614
1827,0.958,,,,0.74,126.7028651,38.949
1828,1.071,,,,-0.96,165.4955938,43.364
1829,0.952,,,,0.66,92.63741665,44.892
1830,0.865,,,,0.51,88.46804609,60.962
1831,0.993,,,,1.11,86.65356517,44.332
1832,0.9,,,,0,167.7978669,86.608
1833,1.062,,,,0.33,108.0902286,38.382
1834,0.903,,,,0.14,66.03686316,42.602
1835,1.018,,,,-2.13,137.02078,55.581
1836,0.945,,,,0.56,108.3394024,67.832
1837,1.056,,,,-1.03,174.4963855,62.838
1838,0.99,,,,-2.61,163.2249091,85.13
1839,1.184,,,,-0.87,123.5339805,12.283
1840,1.073,,,,-0.47,100.6436632,61.724
1841,1.27,,,,0.06,96.33551769,45.145
1842,0.828,,,,0.3,66.64789473,69.948
1843,1.417,,,,0.12,141.18431,31.52
1844,0.99,,,,-1.55,87.45536074,61.594
1845,1.092,,,,-1.29,66.95552744,75.962
1846,0.717,,,,0.36,60.36517104,49.259
1847,1.029,,,,-0.22,105.1444698,68.996
1848,1.159,,,,-1.47,79.39377195,42.184
1849,1.137,,,,-0.76,172.4989419,51.739
1850,1.234,,,,-0.18,100.6436632,47.371
1851,0.928,,,,-1.06,89.6987592,49.781
1852,1.186,,,,0.32,93.92613149,44.415
1853,1.194,,,,0.08,200.8105083,61.028
1854,1.037,,,,0.55,162.8495023,44.911
1855,0.988,,,,0.37,55.05369031,59.833
1856,0.86,,,,1.47,72.57489823,56.402
1857,0.834,,,,0.85,85.07195936,56.485
1858,0.853,,,,-0.93,92.4243565,59.371
1859,1.131,,,,-0.17,89.9055362,44.814
1860,0.9,,,,-0.93,112.9240474,52.219
1861,0.968,,,,0.77,86.05704623,65.806
1862,0.837,,,,-0.1,105.1444698,60.549
1863,0.622,,,,1.29,60.226335,42.636
1864,0.764,,,,0.57,74.26538478,64.287
1865,1.206,,,,-0.13,83.32713224,52.103
1866,1.162,,,,-1.48,186.9762458,43.984
1867,0.977,,,,0.02,122.1198987,62.39
1868,1.051,,,,-0.43,146.820411,53.635
1869,1.084,,,,0.02,90.11278986,33.66
1870,1.038,,,,0.7,100.4121892,55.009
1871,0.818,,,,0.97,64.38525729,49.326
1872,0.778,,,,-0.51,102.7510895,79.074
1873,1.07,,,,0.42,125.2525094,50.564
1874,1.016,,,,0.6,91.15624679,40.531
1875,1.042,,,,-2.37,104.9026443,66.333
1876,0.686,,,,-0.15,104.1804995,70.764
1877,1.156,,,,0.31,123.2498603,45.457
1878,1.11,,,,0.07,80.12839348,43.115
1879,1.09,,,,-0.82,85.85912051,58.928
1880,0.864,,,,-1.63,105.6297947,85.573
1881,0.864,,,,0.24,94.35967481,69.45
1882,0.885,,,,0.47,81.05623655,52.554
1883,0.62,,,,-1.59,96.55759399,73.282
1884,0.708,,,,-0.93,133.5938407,58.827
1885,1.029,,,,-0.33,148.5205113,46.081
1886,1.108,,,,-0.24,72.57489823,32.201
1887,0.858,,,,-0.28,106.1173596,86.218
1888,1.074,,,,-0.14,84.0981487,39.428
1889,1.006,,,,1.04,39.06487469,40.952
1890,0.796,,,,0.29,137.6532392,78.408
1891,1.114,,,,0.11,96.33551769,50.154
1892,1.095,,,,0.14,78.66588548,48.525
1893,0.658,,,,0.37,67.41964098,71.852
1894,1.135,,,,1.22,115.0234622,76.166
1895,0.951,119.7510014,,,0.12,97.67567823,51.53
1896,0.945,118.8479996,19.82999992,-1.19,-0.39,70.59703077,60.707
1897,1.144,173.4939985,19.41900063,-1.45,1.23,83.32713224,51.385
1898,0.879,170.4600029,21.13299942,-1.96,0.91,114.2316462,46.339
1899,0.657,130.8830032,20.9489994,-1.24,-2.4,91.36638364,81.648
1900,0.955,47.13399982,18.56200027,-2.25,0.86,73.92416633,35.131
1901,0.735,139.2360001,19.4640007,-4.87,0.82,79.76023695,37.163
1902,0.932,122.005002,20.69099998,-2.52,0.64,66.49460883,75.675
1903,0.755,142.5199986,18.95999908,-3.26,0.56,96.78018223,58.463
1904,0.787,118.927002,19.43000031,-1.57,0.25,109.3418545,35.795
1905,0.906,175.791996,19.65099907,-1.99,-0.17,86.05704623,31.461
1906,0.915,162.7590027,20.37400055,1.88,-0.96,132.9800327,46.457
1907,1.161,207.1559982,19.05900002,0.83,-2.22,184.8359464,64.048
1908,1.345,184.0830002,18.79400063,2.23,-1.04,147.8381215,23.439
1909,1.264,151.7740002,17.58600044,2.87,0.51,122.1198987,59.215
1910,1.022,81.22299957,21.43300056,1.36,1.36,113.1843642,54.05
1911,1.173,138.2650032,19.44599915,-1.39,-0.18,123.2498603,64.413
1912,1.377,162.9260025,18.04700089,0.97,-0.47,121.5588088,59.496
1913,1.623,211.5320053,17.36400032,3.56,0.04,189.1413287,53.435
1914,1.777,129.9500008,20.5739994,2.61,0.92,181.4623102,33.541
1915,1.174,259.6189957,20.90099907,0.11,-1,90.73742188,62.71
1916,1.478,149.612999,20.47999954,4.24,-0.33,145.4743534,64.403
1917,0.62,81.50000191,20.5909996,2.58,-1.04,123.2498603,58.429
1918,1.163,135.9459991,19.47200012,-1.26,-0.92,110.3535822,57.283
1919,1.119,43.04499912,18.58799934,0.35,1.4,55.18060217,40.938
1920,0.778,158.2969971,21.22699928,-4.24,-0.33,112.4052085,71.728
1921,0.94,138.401001,20.2310009,-0.66,1.28,109.5939135,56.334
1922,0.637,177.4730034,20.24300003,-1.64,0.66,88.26457523,57.902
1923,0.738,216.625,22.88800049,-0.91,-1.22,118.7917925,32.251
1924,0.729,130.4340038,17.31399918,3,0.42,64.23717531,60.42
1925,0.645,155.4880028,19.35700035,0.66,-0.17,143.8091222,56.596
1926,0.789,173.9370003,19.08799934,2.56,0.66,78.66588548,45.067
1927,0.944,182.295002,18.64800072,-0.5,-1.87,153.7398438,61.569
1928,0.986,192.0860062,15.68999958,3.26,0.17,131.7608645,47.664
1929,1.053,111.0259991,19.60700035,2.07,0.92,107.3461407,46.274
1930,0.612,194.0669994,21.79000092,-2.04,-0.22,81.80624067,56.288
1931,1.138,117.0030003,19.1590004,3.39,1.59,57.78118383,32.492
1932,1.164,191.3279991,19.93899918,-3.21,0.8,83.51922111,56.658
1933,0.528,107.1559982,21.18400002,-0.8,1.08,74.26538478,51.508
1934,0.933,190.2439995,18.77199936,-3.04,1.33,40.25190468,61.305
1935,0.948,81.04899979,20.53000069,-3.92,0.8,95.67234865,48.954
1936,0.609,148.1660004,22.71199989,-3.75,1,80.3131085,47.154
1937,1.079,162.1159992,20.84499931,-4.06,1.13,104.6613749,31.744
1938,0.946,190.7999992,22.27799988,-3.02,0.45,111.1185167,57.037
1939,0.916,157.0179996,21.56900024,1.74,1.17,65.88498259,41.964
1940,1.014,135.7979965,21.79999924,-1.93,1.53,85.66165002,29.063
1941,1.193,215.7400055,23.8220005,-2.71,-1.12,97.45103041,38.595
1942,1.211,111.7740002,18.71100044,3.34,0.32,124.6770264,45.009
1943,1.056,151.7310009,20.67300034,0.62,-0.18,110.6079735,65.848
1944,1.365,275.2130041,21.28300095,0.84,-0.04,100.8756708,48.406
1945,1.313,209.2690029,20.50499916,1.21,-0.59,112.6643293,32.063
1946,1.032,113.0100021,19.29299927,1.45,1.28,91.36638364,62.873
1947,1.17,197.5960045,19.93000031,1.81,0.81,145.1397717,62.261
1948,1.184,197.7730026,21.07900047,0.69,0.65,96.55759399,46.342
1949,0.866,110.3009977,21.50200081,-1.48,2.01,104.9026443,55.013
1950,0.996,172.3830051,22.54000092,-0.7,0.17,139.8899244,61.696
1951,1.275,191.4100037,20.18700027,2.79,-2.79,125.2525094,55.089
1952,1.039,139.7919998,18.48999977,3.63,0.06,95.01374483,66.702
1953,0.578,120.073,20.61800003,-2.8,-0.3,91.99970516,60.167
1954,1.028,135.6690025,21.93499947,-2.7,-0.35,65.43143356,57.836
1955,0.759,117.0849991,20.47299957,-1.96,1.12,64.68244614,58.912
1956,0.612,79.64100075,23.01799965,-1.95,0.55,101.5749075,67.279
1957,0.795,189.3199921,19.91300011,-2.78,0.61,113.1843642,39.687
1958,0.776,188.6590004,21.76300049,3.73,-0.03,81.05623655,58.633
1959,0.831,108.5019989,21.19799995,-1.56,0.11,79.94410329,54.48
1960,0.736,107.513999,20.59499931,0.9,0.36,71.74414024,48.839
1961,0.657,105.4990005,19.69000053,-2.58,0.56,58.31582655,48.339
1962,0.931,191.0089989,22.04599953,-0.58,-0.71,149.8947546,65.333
1963,1.101,124.9890032,18.47299957,2.35,0.68,112.9240474,39.29
1964,0.984,185.3820019,21.11899948,-1.62,-1.85,100.1812475,59.953
1965,0.945,156.887001,18.81100082,1.05,-1.83,142.1629528,67.933
1966,1.121,118.8659992,18.47699928,3.7,0.49,92.85096795,37.621
1967,1.172,206.7500095,19.67000008,-1.49,-0.04,119.8909594,42.808
1968,0.896,225.3619957,21.6970005,2.5,-4.57,104.9026443,72.304
1969,1.228,201.0440083,17.13500023,2.87,1.1,91.15624679,46.574
1970,0.995,129.1079979,23.50099945,-1.2,0.94,102.5147686,58.988
1971,0.675,117.5830021,23.23200035,2.01,0.62,102.2789911,72.216
1972,0.928,178.1130028,23.64699936,2.49,-0.57,103.940891,73.164
1973,1.212,116.2190018,20.43899918,4.04,0.05,97.00328359,33.339
1974,0.829,137.1369991,21.28100014,-1.11,-1.41,107.0992515,77.414
1975,1.125,206.5479965,18.50699997,1.15,-2.48,128.4654775,62
1976,1.013,140.3980007,18.18700027,3.68,-0.04,102.5147686,51.539
1977,0.948,150.1969986,19.16600037,2.33,-0.15,40.15932786,47.112
1978,0.703,100.375001,18.42900085,-3.11,-1.08,162.4749588,59.963
1979,0.923,139.3789978,19.34900093,1.33,-0.3,104.4206604,51.484
1980,0.978,160.7989998,19.54299927,-1.89,-1.24,130.2526103,56.924
1981,1.107,173.6139984,17.84300041,1.86,0.69,105.8732965,29.45
1982,0.866,193.8050003,21.52199936,-0.94,-0.3,124.1041875,60.535
1983,1.02,153.2470016,23.40500069,2.86,0.63,127.2876989,58.088
1984,0.995,159.1119995,21.79999924,1.54,0.01,125.8306487,41.185
1985,1.19,149.3279991,22.04400063,2.77,-2.35,87.65696617,59.298
1986,1.256,170.1749992,20.06900024,1.78,-0.25,180.2131324,72.747
1987,1.45,236.5390015,22.35000038,2.08,0.22,73.92416633,34.81
1988,1.131,58.82699919,18.45100021,0.95,2.22,68.83137346,30.179
1989,0.632,156.7480011,22.69599915,-4.33,-1.4,95.01374483,65.912
1990,0.84,129.9920006,19.85099983,-0.94,-0.84,92.85096795,46.154
1991,0.96,103.7600002,20.30800056,1.07,-0.1,103.940891,48.116
1992,0.947,289.5020046,21.90299988,0.76,-0.47,66.03686316,42.98
1993,1.261,232.9140015,19.51000023,3.22,-3.02,132.369045,50.744
1994,1.393,135.579998,16.97599983,3.25,0.96,82.75351229,33.179
1995,1.378,158.166996,21.91300011,0.87,-0.29,127.5811274,60.543
1996,0.922,68.5510006,20.85400009,2.88,0.61,119.3401105,68.239
1997,1.141,203.5179939,21.31100082,2.76,-1.02,137.3366455,66.804
1998,1.398,233.0180054,19.08699989,4.4,0.04,176.5169584,44.632
1999,1.213,156.6549988,21.12700081,0.72,-0.18,115.8207667,53.686
2000,1.1,105.4940033,20.6989994,1.12,1.56,76.34602594,38.167
2001,1.191,153.5560017,22.3560009,-0.9,0.77,45.89722576,26.27
2002,0.901,182.0110016,23.10000038,-1.47,-0.38,76.87523131,44.663
2003,1.066,79.08599854,18.95599937,1.73,1.32,76.17043495,43.614
2004,0.547,187.5580025,22.70499992,-2.77,-1.5,86.65356517,48.809
2005,0.876,168.5039978,17.93099976,2.11,-0.41,120.7220038,48.416
2006,0.912,101.0949993,20.04500008,-0.48,0.41,74.95255392,40.972
2007,0.902,152.0760002,21.07600021,-1.91,0.78,73.41527595,45.558
2008,0.773,100.0820007,21.68400002,1.16,-0.59,114.2316462,70.971
2009,1.067,216.920002,21.67300034,-0.74,0.14,133.2865834,53.161
2010,0.819,171.5930042,19.68099976,2.18,-0.76,78.30444857,53.871
2011,0.822,122.3339996,20.17300034,-0.24,0.18,120.4443509,65.189
2012,0.665,88.2820015,21.8010006,1.65,1.47,74.95255392,62.186
2013,0.87,115.9330006,22.57999992,-2.06,0.9,81.43037514,44.737
2014,1.071,181.8399982,22.47500038,1.36,-0.95,109.0903752,52.841
2015,1.146,136.762001,18.33200073,3.11,1.87,112.9240474,40.779
